名称,代码,口径,日期,开盘,最高,最低,收盘,供应商涨跌额,供应商涨跌幅_pct,复算涨跌额,复算涨跌幅_pct,涨跌幅复算差异_bp,年初至今涨跌幅_pct,成交量,成交额,振幅_pct,换手率_pct,数据源
CPO概念,BK1128,东方财富概念板块,2026-01-05,5058.45,5160.74,5058.45,5133.95,127.68,2.55,127.67999999999938,2.5504017961476277,0.04017961476279197,2.5504017961476277,21143634.0,121633808001.0,2.04,2.65,https://push2his.eastmoney.com/api/qt/stock/kline/get
CPO概念,BK1128,东方财富概念板块,2026-01-06,5114.91,5122.35,5009.78,5099.53,-34.42,-0.67,-34.42000000000007,-0.6704389407765965,-0.04389407765964526,1.8628639685833726,24320049.0,131314969677.0,2.19,3.05,https://push2his.eastmoney.com/api/qt/stock/kline/get
CPO概念,BK1128,东方财富概念板块,2026-01-07,5121.32,5240.77,5110.01,5236.05,136.52,2.68,136.52000000000044,2.677109459107019,-0.28905408929813525,4.589844335203641,28540731.0,142476962498.0,2.56,3.58,https://push2his.eastmoney.com/api/qt/stock/kline/get
CPO概念,BK1128,东方财富概念板块,2026-01-08,5207.4,5273.1,5171.0,5205.12,-30.93,-0.59,-30.93000000000029,-0.5907124645486594,-0.0712464548659475,3.9720190880635498,24133887.0,125679452766.0,1.95,3.03,https://push2his.eastmoney.com/api/qt/stock/kline/get
CPO概念,BK1128,东方财富概念板块,2026-01-09,5165.08,5282.19,5114.72,5276.95,71.83,1.38,71.82999999999993,1.3799873970244736,-0.0012602975526299076,5.4068198479107155,24728198.0,139957481391.0,3.22,3.1,https://push2his.eastmoney.com/api/qt/stock/kline/get
CPO概念,BK1128,东方财富概念板块,2026-01-12,5273.18,5338.64,5195.64,5325.95,49.0,0.93,49.0,0.9285666909862655,-0.14333090137345073,6.385592467046308,27589314.0,152611941278.0,2.71,3.46,https://push2his.eastmoney.com/api/qt/stock/kline/get
CPO概念,BK1128,东方财富概念板块,2026-01-13,5312.74,5312.74,5095.4,5112.1,-213.85,-4.02,-213.84999999999945,-4.015246106328441,0.4753893671558984,2.113949107818791,26331534.0,143564128917.0,4.08,3.3,https://push2his.eastmoney.com/api/qt/stock/kline/get
CPO概念,BK1128,东方财富概念板块,2026-01-14,5128.83,5261.43,5089.87,5203.52,91.42,1.79,91.42000000000007,1.7883061755443075,-0.16938244556925497,3.940059165806087,26577933.0,154536740354.0,3.36,3.33,https://push2his.eastmoney.com/api/qt/stock/kline/get
CPO概念,BK1128,东方财富概念板块,2026-01-15,5134.41,5239.34,5105.65,5239.34,35.82,0.69,35.81999999999971,0.6883801734210548,-0.1619826578945105,4.655561925345619,21016728.0,139956806070.0,2.57,2.64,https://push2his.eastmoney.com/api/qt/stock/kline/get
CPO概念,BK1128,东方财富概念板块,2026-01-16,5294.39,5393.05,5292.04,5360.34,121.0,2.31,121.0,2.309451190417122,-0.054880958287784054,7.07253104606822,28623866.0,164351946921.0,1.93,3.59,https://push2his.eastmoney.com/api/qt/stock/kline/get
CPO概念,BK1128,东方财富概念板块,2026-01-19,5327.69,5367.36,5272.39,5295.22,-65.12,-1.21,-65.11999999999989,-1.2148483118608167,-0.484831186081669,5.771762210188425,26520998.0,138554171292.0,1.77,3.33,https://push2his.eastmoney.com/api/qt/stock/kline/get
CPO概念,BK1128,东方财富概念板块,2026-01-20,5278.89,5295.32,5086.56,5131.79,-163.43,-3.09,-163.4300000000003,-3.086368460611655,0.363153938834504,2.507255901100014,24678149.0,132330236424.0,3.94,3.1,https://push2his.eastmoney.com/api/qt/stock/kline/get
CPO概念,BK1128,东方财富概念板块,2026-01-21,5090.13,5337.04,5090.13,5318.66,186.87,3.64,186.8699999999999,3.641419465722495,0.14194657224950724,6.239975071260617,22802800.0,123780536884.0,4.81,2.86,https://push2his.eastmoney.com/api/qt/stock/kline/get
CPO概念,BK1128,东方财富概念板块,2026-01-22,5362.94,5396.95,5312.14,5396.95,78.29,1.47,78.28999999999996,1.4719873050730747,0.19873050730747632,7.803814017222388,30228995.0,157668541692.0,1.59,3.79,https://push2his.eastmoney.com/api/qt/stock/kline/get
CPO概念,BK1128,东方财富概念板块,2026-01-23,5396.81,5398.33,5346.01,5386.98,-9.97,-0.18,-9.970000000000255,-0.18473397011274928,-0.4733970112749286,7.604663751655405,28636259.0,148929986777.0,0.97,3.59,https://push2his.eastmoney.com/api/qt/stock/kline/get
CPO概念,BK1128,东方财富概念板块,2026-01-26,5380.22,5444.51,5351.27,5377.92,-9.06,-0.17,-9.05999999999949,-0.16818328636822866,0.1816713631771355,7.423690691872387,26291021.0,130062523970.0,1.73,3.3,https://push2his.eastmoney.com/api/qt/stock/kline/get
CPO概念,BK1128,东方财富概念板块,2026-01-27,5350.46,5513.89,5253.22,5496.55,118.63,2.21,118.63000000000011,2.205871414970839,-0.4128585029160803,9.793319177751103,26491613.0,147732300713.0,4.85,3.32,https://push2his.eastmoney.com/api/qt/stock/kline/get
CPO概念,BK1128,东方财富概念板块,2026-01-28,5594.72,5627.66,5472.23,5538.2,41.65,0.76,41.649999999999636,0.7577480419535876,-0.22519580464124278,10.625275904016341,28730098.0,157737082321.0,2.83,3.61,https://push2his.eastmoney.com/api/qt/stock/kline/get
CPO概念,BK1128,东方财富概念板块,2026-01-29,5504.22,5595.46,5416.03,5426.6,-111.6,-2.02,-111.59999999999945,-2.015095157271307,0.49048427286928487,8.396071326556488,24716068.0,137328120988.0,3.24,3.1,https://push2his.eastmoney.com/api/qt/stock/kline/get
CPO概念,BK1128,东方财富概念板块,2026-01-30,5387.98,5710.54,5352.72,5670.61,244.01,4.5,244.0099999999993,4.496554011720022,-0.3445988279977996,13.270159220337675,26119710.0,166422755335.0,6.59,3.28,https://push2his.eastmoney.com/api/qt/stock/kline/get
CPO概念,BK1128,东方财富概念板块,2026-02-02,5661.33,5769.1,5520.05,5520.45,-150.16,-2.65,-150.15999999999985,-2.6480396288935393,0.19603711064606344,10.27072051647233,25074219.0,182032682744.0,4.39,3.15,https://push2his.eastmoney.com/api/qt/stock/kline/get
CPO概念,BK1128,东方财富概念板块,2026-02-03,5639.46,5842.88,5631.05,5842.41,321.96,5.83,321.96000000000004,5.832133250006799,0.21332500067989812,16.70185587273558,23034467.0,175027887395.0,3.84,2.89,https://push2his.eastmoney.com/api/qt/stock/kline/get
CPO概念,BK1128,东方财富概念板块,2026-02-04,5796.11,5837.13,5657.98,5771.43,-70.98,-1.21,-70.97999999999956,-1.2149096006613624,-0.4909600661362479,15.284033821587716,22841643.0,161924513891.0,3.07,2.87,https://push2his.eastmoney.com/api/qt/stock/kline/get
CPO概念,BK1128,东方财富概念板块,2026-02-05,5649.07,5708.62,5505.16,5557.2,-214.23,-3.71,-214.23000000000047,-3.711905021805695,-0.1905021805694851,11.004799980824043,19551905.0,121621105931.0,3.53,2.45,https://push2his.eastmoney.com/api/qt/stock/kline/get
CPO概念,BK1128,东方财富概念板块,2026-02-06,5484.75,5690.28,5484.75,5578.23,21.03,0.38,21.029999999999745,0.3784279853163319,-0.1572014683668077,11.424873208995901,19697500.0,126885764501.0,3.7,2.47,https://push2his.eastmoney.com/api/qt/stock/kline/get
CPO概念,BK1128,东方财富概念板块,2026-02-09,5750.74,5979.0,5661.34,5923.63,345.4,6.19,345.40000000000055,6.191928263983382,0.19282639833813064,18.324221426331366,23212670.0,161296075738.0,5.69,2.91,https://push2his.eastmoney.com/api/qt/stock/kline/get
CPO概念,BK1128,东方财富概念板块,2026-02-10,5922.89,6020.71,5880.2,5916.07,-7.56,-0.13,-7.5600000000004,-0.1276244464964993,0.23755535035007158,18.17321079366472,18891615.0,119257065307.0,2.37,2.37,https://push2his.eastmoney.com/api/qt/stock/kline/get
CPO概念,BK1128,东方财富概念板块,2026-02-11,5870.96,5997.91,5820.75,5828.04,-88.03,-1.49,-88.02999999999975,-1.4879810414684003,0.20189585315997238,16.414815820960516,17216505.0,120245921012.0,2.99,2.16,https://push2his.eastmoney.com/api/qt/stock/kline/get
CPO概念,BK1128,东方财富概念板块,2026-02-12,5864.75,6047.1,5862.51,6021.82,193.78,3.32,193.77999999999975,3.3249600208646424,0.49600208646425337,20.285561905370653,19360175.0,140407284652.0,3.17,2.43,https://push2his.eastmoney.com/api/qt/stock/kline/get
CPO概念,BK1128,东方财富概念板块,2026-02-13,5936.31,5962.75,5837.21,5842.39,-179.43,-2.98,-179.42999999999938,-2.979663955415457,0.03360445845430604,16.70145637370737,16926868.0,109697899311.0,2.08,2.12,https://push2his.eastmoney.com/api/qt/stock/kline/get
CPO概念,BK1128,东方财富概念板块,2026-02-24,5973.29,6156.14,5966.88,6057.18,214.79,3.68,214.78999999999996,3.676406402174459,-0.35935978255410284,20.99187618726117,18617786.0,133506419625.0,3.24,2.34,https://push2his.eastmoney.com/api/qt/stock/kline/get
CPO概念,BK1128,东方财富概念板块,2026-02-25,6082.65,6086.16,5931.82,6019.57,-37.61,-0.62,-37.61000000000058,-0.6209160038169625,-0.09160038169625517,20.240618264696053,20521193.0,131091447661.0,2.55,2.57,https://push2his.eastmoney.com/api/qt/stock/kline/get
CPO概念,BK1128,东方财富概念板块,2026-02-26,6074.75,6304.53,6053.45,6275.84,256.27,4.26,256.27000000000044,4.257280835674315,-0.2719164325684531,25.359599062775274,26127974.0,151541239183.0,4.17,3.28,https://push2his.eastmoney.com/api/qt/stock/kline/get
CPO概念,BK1128,东方财富概念板块,2026-02-27,6122.76,6287.34,6097.6,6286.62,10.78,0.17,10.779999999999745,0.1717698347950103,0.17698347950102777,25.574929038985104,25558108.0,157702261011.0,3.02,3.21,https://push2his.eastmoney.com/api/qt/stock/kline/get
CPO概念,BK1128,东方财富概念板块,2026-03-02,6172.0,6481.7,6172.0,6382.56,95.94,1.53,95.94000000000051,1.5260982849289562,-0.39017150710438653,27.491325877349794,24332107.0,180662922291.0,4.93,3.05,https://push2his.eastmoney.com/api/qt/stock/kline/get
CPO概念,BK1128,东方财富概念板块,2026-03-03,6491.16,6511.9,6187.66,6195.1,-187.46,-2.94,-187.46000000000004,-2.9370660048632535,0.29339951367464145,23.74682148585674,30197378.0,197445409960.0,5.08,3.79,https://push2his.eastmoney.com/api/qt/stock/kline/get
CPO概念,BK1128,东方财富概念板块,2026-03-04,6057.18,6301.88,6057.18,6193.91,-1.19,-0.02,-1.1900000000005093,-0.01920872947975827,0.07912705202417318,23.72305129367771,21878475.0,135925294129.0,3.95,2.75,https://push2his.eastmoney.com/api/qt/stock/kline/get
CPO概念,BK1128,东方财富概念板块,2026-03-05,6352.03,6460.46,6203.8,6303.74,109.83,1.77,109.82999999999993,1.7731933463676297,0.319334636762969,25.916900207140237,24409759.0,177761703665.0,4.14,3.06,https://push2his.eastmoney.com/api/qt/stock/kline/get
CPO概念,BK1128,东方财富概念板块,2026-03-06,6239.07,6360.61,6132.36,6270.68,-33.06,-0.52,-33.05999999999949,-0.5244505642681863,-0.4450564268186241,25.256528313494876,22972698.0,141348939443.0,3.62,2.88,https://push2his.eastmoney.com/api/qt/stock/kline/get
CPO概念,BK1128,东方财富概念板块,2026-03-09,6037.6,6140.9,5812.65,6111.91,-158.77,-2.53,-158.77000000000044,-2.5319423092870386,-0.1942309287038757,22.0851052779814,20621809.0,149265891144.0,5.23,2.59,https://push2his.eastmoney.com/api/qt/stock/kline/get
CPO概念,BK1128,东方财富概念板块,2026-03-10,6289.75,6521.76,6289.75,6518.76,406.85,6.66,406.85000000000036,6.656675245545185,-0.3324754454815171,30.211914259518547,20812981.0,158432382476.0,3.8,2.61,https://push2his.eastmoney.com/api/qt/stock/kline/get
CPO概念,BK1128,东方财富概念板块,2026-03-11,6578.42,6759.03,6575.19,6600.97,82.21,1.26,82.21000000000004,1.261129417251139,0.11294172511389089,31.854055015011173,24643845.0,172791657521.0,2.82,3.09,https://push2his.eastmoney.com/api/qt/stock/kline/get
CPO概念,BK1128,东方财富概念板块,2026-03-12,6571.27,6772.99,6443.69,6574.72,-26.25,-0.4,-26.25,-0.39766882746020693,0.23311725397930916,31.32971254047423,24300211.0,173853887842.0,4.99,3.05,https://push2his.eastmoney.com/api/qt/stock/kline/get
CPO概念,BK1128,东方财富概念板块,2026-03-13,6478.79,6574.9,6397.61,6408.83,-165.89,-2.52,-165.89000000000033,-2.52314927479802,-0.3149274798019963,28.01606785091495,18854876.0,135553213319.0,2.7,2.37,https://push2his.eastmoney.com/api/qt/stock/kline/get
CPO概念,BK1128,东方财富概念板块,2026-03-16,6393.61,6458.43,6266.33,6445.59,36.76,0.57,36.76000000000022,0.5735836338301992,0.35836338301992177,28.750347064780748,19301823.0,141202336406.0,3.0,2.42,https://push2his.eastmoney.com/api/qt/stock/kline/get
CPO概念,BK1128,东方财富概念板块,2026-03-17,6456.17,6456.17,5998.53,6002.59,-443.0,-6.87,-443.0,-6.8729162109287145,-0.29162109287144133,19.901443589738466,20008752.0,151224183861.0,7.1,2.51,https://push2his.eastmoney.com/api/qt/stock/kline/get
CPO概念,BK1128,东方财富概念板块,2026-03-18,6087.95,6266.38,6030.77,6262.57,259.98,4.33,259.97999999999956,4.331130395379312,0.11303953793122545,25.094531457552204,18876553.0,147409110527.0,3.93,2.37,https://push2his.eastmoney.com/api/qt/stock/kline/get
CPO概念,BK1128,东方财富概念板块,2026-03-19,6145.77,6341.47,6145.77,6236.63,-25.94,-0.41,-25.9399999999996,-0.4142069469882159,-0.42069469882159427,24.57638121795267,18881119.0,143256803448.0,3.12,2.37,https://push2his.eastmoney.com/api/qt/stock/kline/get
CPO概念,BK1128,东方财富概念板块,2026-03-20,6432.14,6527.4,6212.2,6221.84,-14.79,-0.24,-14.789999999999964,-0.2371473055159612,0.2852694484038798,24.280951686585016,23908127.0,203632370414.0,5.05,3.0,https://push2his.eastmoney.com/api/qt/stock/kline/get
CPO概念,BK1128,东方财富概念板块,2026-03-23,5994.08,6151.47,5873.09,5913.2,-308.64,-4.96,-308.6400000000003,-4.960590436269663,-0.05904362696629306,18.11588268311537,20487759.0,146329266960.0,4.47,2.57,https://push2his.eastmoney.com/api/qt/stock/kline/get
CPO概念,BK1128,东方财富概念板块,2026-03-24,6027.47,6107.07,5863.0,6106.49,193.29,3.27,193.28999999999996,3.268788473246298,-0.12115267537020635,21.97684104133415,19532498.0,134599952894.0,4.13,2.45,https://push2his.eastmoney.com/api/qt/stock/kline/get
CPO概念,BK1128,东方财富概念板块,2026-03-25,6286.37,6428.66,6271.15,6361.3,254.81,4.17,254.8100000000004,4.172773557313625,0.27735573136249414,27.066658410353405,22722846.0,171075647977.0,2.58,2.85,https://push2his.eastmoney.com/api/qt/stock/kline/get
CPO概念,BK1128,东方财富概念板块,2026-03-26,6335.22,6424.54,6223.09,6244.43,-116.87,-1.84,-116.86999999999989,-1.8372030874192369,0.27969125807632,24.732185838957932,17885019.0,141432998500.0,3.17,2.24,https://push2his.eastmoney.com/api/qt/stock/kline/get
CPO概念,BK1128,东方财富概念板块,2026-03-27,6091.67,6385.25,6041.17,6304.13,59.7,0.96,59.69999999999982,0.9560520335723188,-0.39479664276811377,25.924690438190503,17569294.0,127224881913.0,5.51,2.2,https://push2his.eastmoney.com/api/qt/stock/kline/get
CPO概念,BK1128,东方财富概念板块,2026-03-30,6177.18,6362.9,6177.18,6362.06,57.93,0.92,57.93000000000029,0.9189214054913242,-0.10785945086758675,27.08183937342572,18024972.0,119384166282.0,2.95,2.26,https://push2his.eastmoney.com/api/qt/stock/kline/get
CPO概念,BK1128,东方财富概念板块,2026-03-31,6261.73,6319.6,6083.74,6132.25,-229.81,-3.61,-229.8100000000004,-3.612194792252832,-0.2194792252832034,22.491395789679736,20158130.0,130383604410.0,3.71,2.53,https://push2his.eastmoney.com/api/qt/stock/kline/get
CPO概念,BK1128,东方财富概念板块,2026-04-01,6354.93,6441.38,6284.62,6441.29,309.04,5.04,309.03999999999996,5.0395857964042445,-0.041420359575550236,28.664454773713754,19006091.0,136014921305.0,2.56,2.38,https://push2his.eastmoney.com/api/qt/stock/kline/get
CPO概念,BK1128,东方财富概念板块,2026-04-02,6393.87,6503.88,6281.43,6313.58,-127.71,-1.98,-127.71000000000004,-1.982677382946585,-0.26773829465849275,26.11345372902378,18837344.0,121697522042.0,3.45,2.36,https://push2his.eastmoney.com/api/qt/stock/kline/get
CPO概念,BK1128,东方财富概念板块,2026-04-03,6441.79,6607.58,6441.79,6505.53,191.95,3.04,191.94999999999982,3.040271921793969,0.02719217939688434,29.94764565235193,20717134.0,152030643047.0,2.63,2.6,https://push2his.eastmoney.com/api/qt/stock/kline/get
CPO概念,BK1128,东方财富概念板块,2026-04-07,6506.63,6654.7,6444.5,6502.09,-3.44,-0.05,-3.4399999999996,-0.05287808987122222,-0.28780898712222197,29.878931819498344,17288012.0,130957837501.0,3.23,2.17,https://push2his.eastmoney.com/api/qt/stock/kline/get
CPO概念,BK1128,东方财富概念板块,2026-04-08,6749.68,6964.92,6683.26,6964.92,462.83,7.12,462.8299999999999,7.1181727721394195,-0.1827227860580649,39.12393858101939,25005787.0,198712314869.0,4.33,3.14,https://push2his.eastmoney.com/api/qt/stock/kline/get
CPO概念,BK1128,东方财富概念板块,2026-04-09,6877.79,7142.34,6877.79,7128.43,163.51,2.35,163.51000000000022,2.3476220832400196,-0.23779167599804474,42.390042886220684,26268231.0,197510633601.0,3.8,3.3,https://push2his.eastmoney.com/api/qt/stock/kline/get
CPO概念,BK1128,东方财富概念板块,2026-04-10,7180.73,7221.76,7079.16,7162.62,34.19,0.48,34.1899999999996,0.47962875415763495,-0.03712458423650311,43.07298647496039,29315079.0,227784800730.0,2.0,3.68,https://push2his.eastmoney.com/api/qt/stock/kline/get
CPO概念,BK1128,东方财富概念板块,2026-04-13,7090.67,7338.01,7090.67,7318.56,155.94,2.18,155.9400000000005,2.17713629928713,-0.286370071287001,46.18788039798092,26059732.0,196864733471.0,3.45,3.27,https://push2his.eastmoney.com/api/qt/stock/kline/get
CPO概念,BK1128,东方财富概念板块,2026-04-14,7379.27,7527.26,7338.2,7410.97,92.41,1.26,92.40999999999985,1.2626800900723545,0.26800900723544796,48.03376565786503,28171742.0,214694930939.0,2.58,3.53,https://push2his.eastmoney.com/api/qt/stock/kline/get
CPO概念,BK1128,东方财富概念板块,2026-04-15,7436.39,7536.82,7328.06,7384.47,-26.5,-0.36,-26.5,-0.3575780228499137,0.24219771500862963,47.504429445475374,26125778.0,214565435262.0,2.82,3.28,https://push2his.eastmoney.com/api/qt/stock/kline/get
CPO概念,BK1128,东方财富概念板块,2026-04-16,7353.44,7544.81,7303.35,7544.16,159.69,2.16,159.6899999999996,2.162511324441696,0.25113244416958835,50.694229436286875,23349057.0,190106274486.0,3.27,2.93,https://push2his.eastmoney.com/api/qt/stock/kline/get
CPO概念,BK1128,东方财富概念板块,2026-04-17,7621.46,7887.06,7621.46,7878.82,334.66,4.44,334.65999999999985,4.436014082416073,-0.398591758392719,57.379046675468935,25305310.0,225793970099.0,3.52,3.18,https://push2his.eastmoney.com/api/qt/stock/kline/get
CPO概念,BK1128,东方财富概念板块,2026-04-20,7943.03,8059.92,7920.86,7977.74,98.92,1.26,98.92000000000007,1.2555179582729448,-0.44820417270552415,59.35496886903822,28866136.0,236943657988.0,1.76,3.62,https://push2his.eastmoney.com/api/qt/stock/kline/get
CPO概念,BK1128,东方财富概念板块,2026-04-21,7860.22,8054.03,7827.84,8037.08,59.34,0.74,59.340000000000146,0.7438196782547424,0.3819678254742387,60.540282485762845,31580275.0,226355663023.0,2.84,3.96,https://push2his.eastmoney.com/api/qt/stock/kline/get
CPO概念,BK1128,东方财富概念板块,2026-04-22,8004.09,8426.72,8004.09,8419.45,382.37,4.76,382.3700000000008,4.757573646150104,-0.2426353849895868,68.17810465676042,34378076.0,274681872400.0,5.26,4.31,https://push2his.eastmoney.com/api/qt/stock/kline/get
CPO概念,BK1128,东方财富概念板块,2026-04-23,8409.06,8479.64,8106.69,8210.39,-209.06,-2.48,-209.0600000000013,-2.4830600573671813,-0.30600573671812903,64.00214131479123,38813869.0,306890710641.0,4.43,4.87,https://push2his.eastmoney.com/api/qt/stock/kline/get
CPO概念,BK1128,东方财富概念板块,2026-04-24,8129.68,8259.37,7917.0,8032.83,-177.56,-2.16,-177.5599999999995,-2.162625648720695,-0.26256487206950396,60.45538894226639,35034873.0,317197942826.0,4.17,4.4,https://push2his.eastmoney.com/api/qt/stock/kline/get
CPO概念,BK1128,东方财富概念板块,2026-04-27,8129.25,8285.64,8085.56,8217.01,184.18,2.29,184.1800000000003,2.2928407547526897,0.2840754752689634,64.13437549313161,36110819.0,279206936795.0,2.49,4.53,https://push2his.eastmoney.com/api/qt/stock/kline/get
CPO概念,BK1128,东方财富概念板块,2026-04-28,8208.39,8219.63,8029.57,8082.56,-134.45,-1.64,-134.44999999999982,-1.636239946160467,0.37600538395328176,61.448743275931974,31465831.0,241409859394.0,2.31,3.95,https://push2his.eastmoney.com/api/qt/stock/kline/get
CPO概念,BK1128,东方财富概念板块,2026-04-29,7947.58,8191.92,7947.58,8122.29,39.73,0.49,39.72999999999956,0.4915521814870427,0.15521814870427253,62.24234809548825,28162935.0,216021196709.0,3.02,3.53,https://push2his.eastmoney.com/api/qt/stock/kline/get
CPO概念,BK1128,东方财富概念板块,2026-04-30,8208.16,8226.45,8026.84,8147.89,25.6,0.32,25.600000000000364,0.31518204841245456,-0.4817951587545444,62.75370685160808,31482002.0,227410405047.0,2.46,3.95,https://push2his.eastmoney.com/api/qt/stock/kline/get
CPO概念,BK1128,东方财富概念板块,2026-05-06,8313.45,8516.79,8275.04,8390.1,242.21,2.97,242.21000000000004,2.972671452363751,0.26714523637507703,67.5918398328496,35234465.0,277144024935.0,2.97,4.42,https://push2his.eastmoney.com/api/qt/stock/kline/get
CPO概念,BK1128,东方财富概念板块,2026-05-07,8490.95,8831.51,8379.84,8831.32,441.22,5.26,441.21999999999935,5.258816939011446,-0.1183060988553919,76.40518789438042,37833701.0,300436125749.0,5.38,4.75,https://push2his.eastmoney.com/api/qt/stock/kline/get
CPO概念,BK1128,东方财富概念板块,2026-05-08,8690.75,9078.31,8672.79,9072.54,241.22,2.73,241.22000000000116,2.7314150093078027,0.14150093078026948,81.22354567372514,35404750.0,264699272283.0,4.59,4.44,https://push2his.eastmoney.com/api/qt/stock/kline/get
CPO概念,BK1128,东方财富概念板块,2026-05-11,9293.08,9434.04,9130.52,9391.26,318.72,3.51,318.71999999999935,3.513018404989121,0.3018404989121315,87.58996218741697,42534293.0,340778814220.0,3.35,5.34,https://push2his.eastmoney.com/api/qt/stock/kline/get
CPO概念,BK1128,东方财富概念板块,2026-05-12,9536.27,9597.36,9351.83,9463.17,71.91,0.77,71.90999999999985,0.7657119491953246,-0.4288050804675425,89.02636094337699,41029200.0,340158872869.0,2.61,5.15,https://push2his.eastmoney.com/api/qt/stock/kline/get
CPO概念,BK1128,东方财富概念板块,2026-05-13,9326.42,9770.75,9326.42,9770.57,307.4,3.25,307.39999999999964,3.2483829414456267,-0.16170585543733296,95.16666100709708,39953675.0,333366582675.0,4.7,5.01,https://push2his.eastmoney.com/api/qt/stock/kline/get
CPO概念,BK1128,东方财富概念板块,2026-05-14,9921.6,9930.12,9621.55,9621.55,-149.02,-1.53,-149.02000000000044,-1.525192491328553,0.48075086714469695,92.18999374784018,39330010.0,342053383085.0,3.16,4.94,https://push2his.eastmoney.com/api/qt/stock/kline/get
CPO概念,BK1128,东方财富概念板块,2026-05-15,9662.09,9833.5,9290.15,9439.49,-182.06,-1.89,-182.0599999999995,-1.8922107144898614,-0.22107144898615427,88.55335409396613,39846931.0,331472803741.0,5.65,5.0,https://push2his.eastmoney.com/api/qt/stock/kline/get
CPO概念,BK1128,东方财富概念板块,2026-05-18,9352.45,9682.25,9352.45,9560.83,121.34,1.29,121.34000000000015,1.2854508029565226,-0.45491970434774487,90.97711469816846,33469948.0,275124076542.0,3.49,4.2,https://push2his.eastmoney.com/api/qt/stock/kline/get
CPO概念,BK1128,东方财富概念板块,2026-05-19,9437.07,9646.33,9124.85,9633.38,72.55,0.76,72.54999999999927,0.7588253321102689,-0.11746678897310847,92.42629742303149,35312513.0,294352704542.0,5.45,4.43,https://push2his.eastmoney.com/api/qt/stock/kline/get
CPO概念,BK1128,东方财富概念板块,2026-05-20,9570.5,9770.16,9520.27,9755.83,122.45,1.27,122.45000000000073,1.2711011088527568,0.11011088527568269,94.87223022329997,37320164.0,300494646054.0,2.59,4.68,https://push2his.eastmoney.com/api/qt/stock/kline/get
CPO概念,BK1128,东方财富概念板块,2026-05-21,9852.84,9877.32,9195.43,9218.14,-537.69,-5.51,-537.6900000000005,-5.511473652164911,-0.14736521649112433,84.13189859915664,40338804.0,313709459042.0,6.99,5.06,https://push2his.eastmoney.com/api/qt/stock/kline/get
CPO概念,BK1128,东方财富概念板块,2026-05-22,9361.79,9681.72,9303.07,9664.25,446.11,4.84,446.1100000000006,4.839479547934844,-0.052045206515582976,93.04292417308693,33986690.0,277821641423.0,4.11,4.26,https://push2his.eastmoney.com/api/qt/stock/kline/get
CPO概念,BK1128,东方财富概念板块,2026-05-25,9767.57,10008.28,9618.8,10005.95,341.7,3.54,341.7000000000007,3.5357115140854267,-0.42884859145733145,99.86836507020196,37506657.0,326582772811.0,4.03,4.71,https://push2his.eastmoney.com/api/qt/stock/kline/get
CPO概念,BK1128,东方财富概念板块,2026-05-26,9932.15,9938.8,9606.44,9796.59,-209.36,-2.09,-209.36000000000058,-2.0923550487459974,-0.23550487459975677,95.68640924280952,42507629.0,334402688738.0,3.32,5.33,https://push2his.eastmoney.com/api/qt/stock/kline/get
CPO概念,BK1128,东方财富概念板块,2026-05-27,9775.7,9952.09,9549.93,9620.55,-176.04,-1.8,-176.04000000000087,-1.796951796492463,0.3048203507536984,92.17001879642925,47259239.0,346490177457.0,4.11,5.93,https://push2his.eastmoney.com/api/qt/stock/kline/get
CPO概念,BK1128,东方财富概念板块,2026-05-28,9561.22,10031.66,9449.6,9994.05,373.5,3.88,373.5,3.8823144206932003,0.23144206932004252,99.63066314841187,43938216.0,332317802946.0,6.05,5.51,https://push2his.eastmoney.com/api/qt/stock/kline/get
CPO概念,BK1128,东方财富概念板块,2026-05-29,10089.56,10141.47,9568.53,9669.71,-324.34,-3.25,-324.34000000000015,-3.2453309719282952,0.4669028071704773,93.1519874077906,49496170.0,386421298014.0,5.73,6.21,https://push2his.eastmoney.com/api/qt/stock/kline/get
CPO概念,BK1128,东方财富概念板块,2026-06-01,9638.7,9708.91,9232.34,9244.49,-425.22,-4.4,-425.21999999999935,-4.397443149794555,0.2556850205444938,84.65823856883465,39868514.0,310775588957.0,4.93,5.0,https://push2his.eastmoney.com/api/qt/stock/kline/get
CPO概念,BK1128,东方财富概念板块,2026-06-02,9322.45,9719.24,9185.23,9680.8,436.31,4.72,436.3099999999995,4.719676261210726,-0.032373878927405286,93.37350961893782,40415287.0,335274975341.0,5.78,5.07,https://push2his.eastmoney.com/api/qt/stock/kline/get
CPO概念,BK1128,东方财富概念板块,2026-06-03,9903.91,10341.69,9830.51,10019.1,338.3,3.49,338.3000000000011,3.4945459052970973,0.4545905297097086,100.1310356812557,49057441.0,418466521546.0,5.28,6.16,https://push2his.eastmoney.com/api/qt/stock/kline/get
CPO概念,BK1128,东方财富概念板块,2026-06-04,9795.8,10081.52,9795.8,10024.63,5.53,0.06,5.529999999998836,0.055194578355322044,-0.4805421644677954,100.24149716255812,38003838.0,307745940666.0,2.85,4.77,https://push2his.eastmoney.com/api/qt/stock/kline/get
CPO概念,BK1128,东方财富概念板块,2026-06-05,9923.36,10268.23,9734.27,9801.79,-222.84,-2.22,-222.83999999999833,-2.2229249358829084,-0.29249358829082084,95.79027899014636,42559618.0,391168321017.0,5.33,5.34,https://push2his.eastmoney.com/api/qt/stock/kline/get
CPO概念,BK1128,东方财富概念板块,2026-06-08,9230.18,9582.67,9164.53,9287.7,-514.09,-5.24,-514.0900000000001,-5.2448583370996555,-0.485833709965533,85.521356219301,36648766.0,306050769737.0,4.27,4.6,https://push2his.eastmoney.com/api/qt/stock/kline/get
CPO概念,BK1128,东方财富概念板块,2026-06-09,9489.64,9771.57,9396.58,9768.13,480.43,5.17,480.4299999999985,5.172755364622006,0.27553646220059846,95.1179221256544,34159455.0,307655371847.0,4.04,4.29,https://push2his.eastmoney.com/api/qt/stock/kline/get
CPO概念,BK1128,东方财富概念板块,2026-06-10,9572.19,9640.91,9309.13,9446.33,-321.8,-3.29,-321.7999999999993,-3.294386950214623,-0.43869502146227646,88.6899827616169,30157362.0,257875067730.0,3.4,3.78,https://push2his.eastmoney.com/api/qt/stock/kline/get
CPO概念,BK1128,东方财富概念板块,2026-06-11,9411.43,9594.88,9275.21,9437.01,-9.32,-0.1,-9.319999999999709,-0.09866265523224005,0.1337344767759957,88.50381621446705,30422094.0,272891520428.0,3.38,3.82,https://push2his.eastmoney.com/api/qt/stock/kline/get
CPO概念,BK1128,东方财富概念板块,2026-06-12,9718.71,9729.96,9281.15,9308.11,-128.9,-1.37,-128.89999999999964,-1.3658987327553884,0.4101267244611684,85.92904497759808,35068348.0,309345383344.0,4.76,4.4,https://push2his.eastmoney.com/api/qt/stock/kline/get
CPO概念,BK1128,东方财富概念板块,2026-06-15,9483.95,10098.88,9409.29,10098.88,790.77,8.5,790.7699999999986,8.49549478895284,-0.45052110471601736,101.72463730481974,35702815.0,322641493251.0,7.41,4.48,https://push2his.eastmoney.com/api/qt/stock/kline/get
CPO概念,BK1128,东方财富概念板块,2026-06-16,10184.46,10498.13,10141.31,10456.82,357.94,3.54,357.9400000000005,3.544353433252012,0.43534332520120955,108.87447141284827,35462011.0,323570149445.0,3.53,4.45,https://push2his.eastmoney.com/api/qt/stock/kline/get
CPO概念,BK1128,东方财富概念板块,2026-06-17,10322.95,10733.63,10322.95,10697.36,240.54,2.3,240.54000000000087,2.300316922353085,0.0316922353085225,113.67924622523353,37503624.0,320964049989.0,3.93,4.71,https://push2his.eastmoney.com/api/qt/stock/kline/get
CPO概念,BK1128,东方财富概念板块,2026-06-18,10655.83,11039.77,10655.83,10990.49,293.13,2.74,293.1299999999992,2.7402087991803548,0.020879918035454637,119.53450373231966,38640649.0,361421106830.0,3.59,4.85,https://push2his.eastmoney.com/api/qt/stock/kline/get
CPO概念,BK1128,东方财富概念板块,2026-06-22,11150.36,11261.41,10792.16,11142.76,152.27,1.39,152.27000000000044,1.3854705295214265,-0.45294704785734385,122.57608958366207,43578294.0,398513964207.0,4.27,5.47,https://push2his.eastmoney.com/api/qt/stock/kline/get
CPO概念,BK1128,东方财富概念板块,2026-06-23,11079.12,11139.38,10710.82,10824.4,-318.36,-2.86,-318.3600000000006,-2.857101831144171,0.2898168855828942,116.21686405247816,36889303.0,349473228731.0,3.85,4.63,https://push2his.eastmoney.com/api/qt/stock/kline/get
CPO概念,BK1128,东方财富概念板块,2026-06-24,10719.49,11145.93,10711.85,11137.85,313.45,2.9,313.4500000000007,2.895772513949968,-0.4227486050031981,122.4780125722344,39501449.0,353220581091.0,4.01,4.96,https://push2his.eastmoney.com/api/qt/stock/kline/get
CPO概念,BK1128,东方财富概念板块,2026-06-25,11208.71,11399.93,11024.79,11397.25,259.4,2.33,259.39999999999964,2.3289952728758223,-0.10047271241777622,127.6595149682298,39148287.0,398536653595.0,3.37,4.91,https://push2his.eastmoney.com/api/qt/stock/kline/get
CPO概念,BK1128,东方财富概念板块,2026-06-26,11234.31,11234.31,10733.06,10784.45,-612.8,-5.38,-612.7999999999993,-5.376735616047723,0.3264383952276795,115.4188647436115,47115023.0,415960605547.0,4.4,5.91,https://push2his.eastmoney.com/api/qt/stock/kline/get
CPO概念,BK1128,东方财富概念板块,2026-06-29,10748.78,10975.07,10129.21,10524.19,-260.26,-2.41,-260.2600000000002,-2.4132895047962566,-0.32895047962564483,110.22018388940266,40533248.0,359157751824.0,7.84,5.09,https://push2his.eastmoney.com/api/qt/stock/kline/get
CPO概念,BK1128,东方财富概念板块,2026-06-30,10569.0,11150.94,10514.19,11072.0,547.81,5.21,547.8099999999995,5.205246199469982,-0.4753800530018282,121.1626620218246,40266541.0,348077632571.0,6.05,5.05,https://push2his.eastmoney.com/api/qt/stock/kline/get
CPO概念,BK1128,东方财富概念板块,2026-07-01,11094.34,11269.84,10622.13,10738.32,-333.68,-3.01,-333.6800000000003,-3.0137283236994272,-0.3728323699427438,114.49742023502525,44587716.0,355494003035.0,5.85,5.59,https://push2his.eastmoney.com/api/qt/stock/kline/get
CPO概念,BK1128,东方财富概念板块,2026-07-02,10313.11,10520.15,9996.65,10040.13,-698.19,-6.5,-698.1900000000005,-6.501855038777016,-0.18550387770162047,100.55110890942754,39535111.0,315612863698.0,4.88,4.96,https://push2his.eastmoney.com/api/qt/stock/kline/get
CPO概念,BK1128,东方财富概念板块,2026-07-03,10039.65,10290.41,9912.85,9975.62,-64.51,-0.64,-64.5099999999984,-0.642521560975784,-0.2521560975783932,99.26252479390844,34998435.0,281358179282.0,3.76,4.39,https://push2his.eastmoney.com/api/qt/stock/kline/get
CPO概念,BK1128,东方财富概念板块,2026-07-06,10120.71,10137.62,9509.22,9744.27,-231.35,-2.32,-231.35000000000036,-2.319154097690168,0.08459023098317253,94.64131978498962,38893622.0,273955894773.0,6.3,4.88,https://push2his.eastmoney.com/api/qt/stock/kline/get
CPO概念,BK1128,东方财富概念板块,2026-07-07,9700.68,9832.72,9466.17,9642.26,-102.01,-1.05,-102.01000000000022,-1.0468716486714769,0.31283513285231823,92.60367499156057,38928877.0,259789501083.0,3.76,4.88,https://push2his.eastmoney.com/api/qt/stock/kline/get
CPO概念,BK1128,东方财富概念板块,2026-07-08,9755.05,9804.53,9326.08,9459.6,-182.66,-1.89,-182.65999999999985,-1.8943691624162762,-0.4369162416276273,88.95505036683997,40582940.0,270971822037.0,4.96,5.09,https://push2his.eastmoney.com/api/qt/stock/kline/get
CPO概念,BK1128,东方财富概念板块,2026-07-09,9611.44,9983.48,9294.68,9974.56,514.96,5.44,514.9599999999991,5.443781978096318,0.3781978096317751,99.24135134541284,46113802.0,327895228693.0,7.28,5.79,https://push2his.eastmoney.com/api/qt/stock/kline/get
CPO概念,BK1128,东方财富概念板块,2026-07-10,10111.0,10390.0,9713.01,9713.01,-261.55,-2.62,-261.5499999999993,-2.622170802521606,-0.21708025216060634,94.01690280388391,51465833.0,388158536449.0,6.79,6.46,https://push2his.eastmoney.com/api/qt/stock/kline/get
CPO概念,BK1128,东方财富概念板块,2026-07-13,9583.3,9771.2,9066.93,9132.59,-580.42,-5.98,-580.4200000000001,-5.975696514262829,0.4303485737171542,82.42304150595152,45493123.0,300553386501.0,7.25,5.71,https://push2his.eastmoney.com/api/qt/stock/kline/get
CPO概念,BK1128,东方财富概念板块,2026-07-14,9125.6,9468.78,8847.74,9445.58,312.99,3.43,312.9899999999998,3.4271767373768025,-0.2823262623197653,88.67500154805872,48308252.0,337396143901.0,6.8,6.06,https://push2his.eastmoney.com/api/qt/stock/kline/get
CPO概念,BK1128,东方财富概念板块,2026-07-15,9503.4,9503.4,8991.28,9020.76,-424.82,-4.5,-424.8199999999997,-4.497553352996853,0.24466470031470067,80.18924268966714,39378059.0,274705608618.0,5.42,4.94,https://push2his.eastmoney.com/api/qt/stock/kline/get
CPO概念,BK1128,东方财富概念板块,2026-07-16,8760.77,9096.81,8587.63,8694.13,-326.63,-3.62,-326.630000000001,-3.620870081899985,-0.08700818999849425,73.66482431031483,38650546.0,258520550068.0,5.64,4.85,https://push2his.eastmoney.com/api/qt/stock/kline/get
CPO概念,BK1128,东方财富概念板块,2026-07-17,8582.8,8600.04,7811.22,7852.61,-841.52,-9.68,-841.5199999999995,-9.679174339468123,0.08256605318770482,56.855503198988444,42441818.0,303263480922.0,9.07,5.33,https://push2his.eastmoney.com/api/qt/stock/kline/get
