日期,上证指数,科创50指数,创业板指,CPO概念,PCB概念,存储芯片概念,半导体材料设备指数
2026-01-05,4023.42,1403.41,3294.55,5133.95,2790.7,2114.37,5451.81
2026-01-06,4083.67,1429.3,3319.29,5099.53,2804.88,2166.23,5667.2
2026-01-07,4085.77,1443.39,3329.69,5236.05,2850.72,2240.78,6082.63
2026-01-08,4082.98,1455.17,3302.31,5205.12,2845.87,2255.64,6051.32
2026-01-09,4120.43,1475.97,3327.81,5276.95,2874.29,2263.28,6031.03
2026-01-12,4165.29,1511.84,3388.34,5325.95,2909.69,2319.7,6110.13
2026-01-13,4138.76,1469.57,3321.89,5112.1,2820.41,2241.75,5914.17
2026-01-14,4126.09,1500.91,3349.14,5203.52,2873.53,2261.41,6044.25
2026-01-15,4112.6,1493.95,3367.92,5239.34,2906.12,2314.25,6343.79
2026-01-16,4101.91,1514.07,3361.02,5360.34,2951.51,2422.93,6576.18
2026-01-19,4114,1506.86,3337.61,5295.22,2980.51,2424.83,6545.37
2026-01-20,4113.65,1482.99,3277.98,5131.79,2919.44,2425.27,6502.65
2026-01-21,4116.94,1535.39,3295.52,5318.66,3017.22,2493.92,6520.75
2026-01-22,4122.58,1541.64,3328.65,5396.95,3076.1,2488.24,6364.35
2026-01-23,4136.16,1553.71,3349.5,5386.98,3099.2,2522.06,6511.22
2026-01-26,4132.61,1532.8,3319.15,5377.92,3069.6,2442.29,6247.23
2026-01-27,4139.9,1555.98,3342.6,5496.55,3106.68,2511.39,6392.46
2026-01-28,4151.24,1554.8,3323.56,5538.2,3078.4,2530.61,6473.05
2026-01-29,4157.98,1507.64,3304.51,5426.6,2991.42,2461.97,6175.48
2026-01-30,4117.95,1509.4,3346.36,5670.61,3013.15,2483.32,6174.45
2026-02-02,4015.75,1450.9,3264.11,5520.45,2935.43,2347.93,5858.49
2026-02-03,4067.74,1471.07,3324.89,5842.41,3026.34,2432.26,6052.9
2026-02-04,4102.2,1453.48,3311.51,5771.43,3012.61,2390.78,6028.43
2026-02-05,4075.92,1432.52,3260.28,5557.2,2944.87,2351.37,6019.23
2026-02-06,4065.58,1422.41,3236.46,5578.23,2952.19,2333.64,5981.96
2026-02-09,4123.09,1458.16,3332.77,5923.63,3032.15,2408.98,6124.95
2026-02-10,4128.37,1471.5,3320.54,5916.07,3052.36,2385.66,6117.41
2026-02-11,4131.99,1455.11,3284.74,5828.04,3065.51,2361.75,6056.4
2026-02-12,4134.02,1480.99,3328.06,6021.82,3093,2401.02,6087.19
2026-02-13,4082.07,1470.33,3275.96,5842.39,3077.4,2407.99,6142.03
2026-02-24,4117.41,1465.37,3308.26,6057.18,3168.41,2447.77,6188.46
2026-02-25,4147.23,1473.28,3354.82,6019.57,3257.96,2486.64,6468.73
2026-02-26,4146.63,1485.86,3344.98,6275.84,3363.77,2519.7,6543.77
2026-02-27,4162.88,1488.02,3310.3,6286.62,3328.18,2509,6386.7
2026-03-02,4182.59,1464.77,3294.16,6382.56,3306.1,2460.93,6269.58
2026-03-03,4122.68,1388.41,3209.48,6195.1,3142.67,2304.96,5939.61
2026-03-04,4082.47,1381.56,3164.37,6193.91,3138.04,2321.9,5903.24
2026-03-05,4108.57,1405.35,3216.94,6303.74,3189.57,2368.97,6004.26
2026-03-06,4124.19,1414.39,3229.3,6270.68,3206.04,2393.65,5936.81
2026-03-09,4096.6,1390.48,3208.58,6111.91,3140.76,2361.4,5780.31
2026-03-10,4123.14,1420.54,3306.14,6518.76,3290.06,2428.89,5920.26
2026-03-11,4133.43,1401.08,3349.53,6600.97,3298.63,2410.95,5844.6
2026-03-12,4129.1,1383.65,3317.52,6574.72,3248.33,2381.24,5751.85
2026-03-13,4095.45,1373.64,3310.28,6408.83,3221.68,2352.44,5693.71
2026-03-16,4084.79,1384.99,3357.02,6445.59,3279.05,2420.34,5771.92
2026-03-17,4049.91,1354.15,3280.06,6002.59,3148.58,2355.97,5603.17
2026-03-18,4062.98,1372.58,3346.37,6262.57,3231.04,2458.77,5737.59
2026-03-19,4006.55,1339.03,3309.1,6236.63,3125.38,2388.46,5600.33
2026-03-20,3957.05,1318.31,3352.1,6221.84,3063.54,2317.83,5569.25
2026-03-23,3813.28,1261.44,3235.22,5913.2,2868.13,2179.87,5310.95
2026-03-24,3881.28,1290.79,3251.55,6106.49,2979.57,2235.03,5404.2
2026-03-25,3931.84,1315.41,3316.97,6361.3,3049.35,2283.64,5561.12
2026-03-26,3889.08,1288.81,3272.49,6244.43,2989.42,2222.07,5438.7
2026-03-27,3913.72,1300.76,3295.88,6304.13,3020.81,2240.66,5563.75
2026-03-30,3923.29,1289.78,3273.36,6362.06,3041.09,2241.53,5705.51
2026-03-31,3891.86,1256.33,3184.95,6132.25,2967.92,2167.74,5484.29
2026-04-01,3948.55,1298.2,3247.52,6441.29,3062.22,2218.65,5588.43
2026-04-02,3919.29,1262.18,3172.65,6313.58,2975.24,2149.07,5389.04
2026-04-03,3880.1,1256.21,3149.6,6505.53,2969.26,2123.11,5381.55
2026-04-07,3890.16,1274.01,3160.82,6502.09,3036.35,2157.43,5409.5
2026-04-08,3995,1352.69,3347.61,6964.92,3230.58,2302.63,5817.79
2026-04-09,3966.17,1343.95,3323.3,7128.43,3252.9,2304.62,5873.25
2026-04-10,3986.22,1364.49,3448.79,7162.62,3276.11,2334.88,5939.2
2026-04-13,3988.56,1375.29,3476.44,7318.56,3340.09,2354.76,5865.85
2026-04-14,4026.63,1405.07,3558.53,7410.97,3422.29,2427.86,6054.13
2026-04-15,4027.21,1406.32,3514.96,7384.47,3380.43,2399.41,5944.8
2026-04-16,4055.55,1422.23,3626.27,7544.16,3449.74,2444.94,6029.06
2026-04-17,4051.43,1423.35,3678.29,7878.82,3534.9,2483.45,6036.86
2026-04-20,4082.13,1450.52,3677.58,7977.74,3540.55,2505.39,6093.63
2026-04-21,4085.08,1426.68,3688.94,8037.08,3582.06,2500.54,6008.91
2026-04-22,4106.26,1451.14,3752.76,8419.45,3657.55,2553.88,6198.96
2026-04-23,4093.25,1432.59,3720.25,8210.39,3571.58,2497.49,6130.21
2026-04-24,4079.9,1453.69,3667.79,8032.83,3544.49,2495.5,6177.55
2026-04-27,4086.34,1508.38,3648.79,8217.01,3643.36,2563.68,6560.82
2026-04-28,4078.64,1488.66,3596.71,8082.56,3615.21,2529.39,6557.77
2026-04-29,4107.51,1493.5,3687.17,8122.29,3682.76,2555.4,6533.56
2026-04-30,4112.16,1571.07,3677.15,8147.89,3704.25,2593.19,6750.61
2026-05-06,4160.17,1656.95,3778.16,8390.1,3831.42,2726.71,6904.18
2026-05-07,4180.09,1678.89,3833.06,8831.32,3963.77,2811.49,7060.48
2026-05-08,4179.95,1640.46,3796.13,9072.54,4001.55,2813.4,6912.08
2026-05-11,4225.02,1716.69,3928.97,9391.26,4101.46,2963.49,7389.64
2026-05-12,4214.49,1723.78,3934.88,9463.17,4124.26,2959.08,7550.15
2026-05-13,4242.57,1770.15,4038.33,9770.57,4240.57,3072.43,7841.78
2026-05-14,4177.92,1725.09,3951.14,9621.55,4146.99,3021.19,7678.68
2026-05-15,4135.39,1696.26,3929.06,9439.49,4095.09,3006.42,8015.54
2026-05-18,4131.53,1709.96,3914.88,9560.83,4159.54,3073.65,8087.59
2026-05-19,4169.54,1775.13,3908.44,9633.38,4229.41,3132.25,8505.78
2026-05-20,4162.18,1832.02,3921.79,9755.83,4269.64,3222.16,8993.45
2026-05-21,4077.28,1764.17,3829.78,9218.14,4123.71,3055.53,8525.11
2026-05-22,4112.9,1790.77,3938.5,9664.25,4412.9,3147.32,8611.27
2026-05-25,4152.57,1896.04,4021.16,10005.95,4524.1,3284.74,9089.06
2026-05-26,4145.37,1867.71,4043.07,9796.59,4525.53,3212.59,8818.18
2026-05-27,4093.73,1815.45,4045.77,9620.55,4432.51,3152.3,8501.62
2026-05-28,4098.64,1844.25,4125.07,9994.05,4593.58,3231.31,8621.91
2026-05-29,4068.57,1751.32,4037.95,9669.71,4433.52,3061.9,8132.09
2026-06-01,4057.74,1663.69,3950.94,9244.49,4313.04,2958.13,7700.49
2026-06-02,4075.1,1690.56,4055.87,9680.8,4413.39,2997.35,7839.98
2026-06-03,4083.97,1726.18,4122.99,10019.1,4430.46,3047.68,8043.02
2026-06-04,4057.78,1738.06,4088.88,10024.63,4504.28,3129.72,8352.38
2026-06-05,4027.74,1668.33,3957.94,9801.79,4454.91,3063.02,8094.13
2026-06-08,3959.34,1596.57,3811.79,9287.7,4317.04,2915.7,7842.75
2026-06-09,4010.03,1663.11,3961.75,9768.13,4532.41,3080.13,8462.75
2026-06-10,3993.23,1652.22,3854.79,9446.33,4444.99,3042.19,8670
2026-06-11,3987.01,1662.44,3811.25,9437.01,4437.4,3078.02,9122.76
2026-06-12,4031.51,1663.22,3830.35,9308.11,4438.04,3031.05,8895.08
2026-06-15,4096.47,1748.33,4033.53,10098.88,4800.44,3202.24,9302.51
2026-06-16,4091.89,1758.42,4102.94,10456.82,5000.47,3266.87,9353.58
2026-06-17,4108.08,1840.82,4167.05,10697.36,5166.55,3405.74,10049.12
2026-06-18,4090.48,1911.51,4252.39,10990.49,5262.46,3450.02,10211.04
2026-06-22,4163.1,1948.93,4359.39,11142.76,5294.97,3527.87,10529.34
2026-06-23,4106.25,1916.21,4192.19,10824.4,5086.9,3471.27,10525.81
2026-06-24,4110.81,1989.43,4251.42,11137.85,5231.16,3626.78,11091.33
2026-06-25,4120.28,2066.33,4371.99,11397.25,5329.67,3763.79,11424.29
2026-06-26,4027.26,2032.28,4194.21,10784.45,5188.51,3768.09,11840.84
2026-06-29,4073.9,2126.01,4216.7,10524.19,5002.48,3849.49,12806.88
2026-06-30,4094.4,2207.86,4342.71,11072,5198.51,4022.76,13151.79
2026-07-01,4112.45,2153.04,4260.72,10738.32,5142.17,4030.1,13246.87
2026-07-02,4028.9,1987.29,4017.27,10040.13,4927.66,3794.51,12020.52
2026-07-03,4043.64,1975.6,4019.93,9975.62,4911.92,3745.3,11648.26
2026-07-06,4041.24,1996.1,3948.86,9744.27,4716.79,3713.45,11537.29
2026-07-07,3990.24,2001.59,3911.91,9642.26,4613.7,3668.82,11731.74
2026-07-08,3970.88,2016.23,3845.35,9459.6,4454.03,3580.39,11909.01
2026-07-09,4036.59,2185.83,4018.17,9974.56,4617.17,3828.59,13077.05
2026-07-10,3996.16,2064.98,3842.73,9713.01,4477.71,3700.73,12183.06
2026-07-13,3913.79,1994.32,3723.52,9132.59,4123.74,3439.01,11597.71
2026-07-14,3967.13,2009.73,3851.14,9445.58,4325.51,3474.9,11565.79
2026-07-15,3955.58,1924.27,3804.7,9020.76,4157.98,3293.72,10838.14
2026-07-16,3882.41,1846.88,3692.46,8694.13,4027.77,3112.26,10047.51
2026-07-17,3764.15,1715.4,3428.63,7852.61,3706.07,2832.34,9431.26
