日期,名称,代码,secid,昨收,开盘,最高,最低,收盘,涨跌额,日涨跌幅(%),成交量,成交额(元),振幅(%),换手率(%),年初至今涨跌幅(%),2025年末归一化=100,数据源
2026-01-05,半导体材料设备指数,931743.CSI,2.931743,5149.18,5216.69,5455.02,5216.69,5451.81,302.63,5.88,6311293,48799696866,4.63,3.69,5.87724647,105.87724647,https://r.jina.ai/http://push2his.eastmoney.com/api/qt/stock/kline/get?secid=2.931743&ut=fa5fd1943c7b386f172d6893dbfba10b&fields1=f1%2Cf2%2Cf3%2Cf4%2Cf5%2Cf6&fields2=f51%2Cf52%2Cf53%2Cf54%2Cf55%2Cf56%2Cf57%2Cf58%2Cf59%2Cf60%2Cf61&klt=101&fqt=0&beg=20251201&end=20260717&lmt=1000&_=20260718140000
2026-01-06,半导体材料设备指数,931743.CSI,2.931743,5451.81,5459.15,5791.56,5452.68,5667.2,215.39,3.95,7893850,60204178218,6.22,4.61,10.0602426,110.0602426,https://r.jina.ai/http://push2his.eastmoney.com/api/qt/stock/kline/get?secid=2.931743&ut=fa5fd1943c7b386f172d6893dbfba10b&fields1=f1%2Cf2%2Cf3%2Cf4%2Cf5%2Cf6&fields2=f51%2Cf52%2Cf53%2Cf54%2Cf55%2Cf56%2Cf57%2Cf58%2Cf59%2Cf60%2Cf61&klt=101&fqt=0&beg=20251201&end=20260717&lmt=1000&_=20260718140000
2026-01-07,半导体材料设备指数,931743.CSI,2.931743,5667.2,5836.86,6117.54,5836.86,6082.63,415.43,7.33,12941373,87490193864,4.95,7.56,18.12812914,118.12812914,https://r.jina.ai/http://push2his.eastmoney.com/api/qt/stock/kline/get?secid=2.931743&ut=fa5fd1943c7b386f172d6893dbfba10b&fields1=f1%2Cf2%2Cf3%2Cf4%2Cf5%2Cf6&fields2=f51%2Cf52%2Cf53%2Cf54%2Cf55%2Cf56%2Cf57%2Cf58%2Cf59%2Cf60%2Cf61&klt=101&fqt=0&beg=20251201&end=20260717&lmt=1000&_=20260718140000
2026-01-08,半导体材料设备指数,931743.CSI,2.931743,6082.63,6071.09,6188.36,6018.68,6051.32,-31.31,-0.51,10470123,71411262265,2.79,6.11,17.52007116,117.52007116,https://r.jina.ai/http://push2his.eastmoney.com/api/qt/stock/kline/get?secid=2.931743&ut=fa5fd1943c7b386f172d6893dbfba10b&fields1=f1%2Cf2%2Cf3%2Cf4%2Cf5%2Cf6&fields2=f51%2Cf52%2Cf53%2Cf54%2Cf55%2Cf56%2Cf57%2Cf58%2Cf59%2Cf60%2Cf61&klt=101&fqt=0&beg=20251201&end=20260717&lmt=1000&_=20260718140000
2026-01-09,半导体材料设备指数,931743.CSI,2.931743,6051.32,5949.89,6061.48,5921.35,6031.03,-20.29,-0.34,8578199,61364597555,2.32,5.01,17.12602783,117.12602783,https://r.jina.ai/http://push2his.eastmoney.com/api/qt/stock/kline/get?secid=2.931743&ut=fa5fd1943c7b386f172d6893dbfba10b&fields1=f1%2Cf2%2Cf3%2Cf4%2Cf5%2Cf6&fields2=f51%2Cf52%2Cf53%2Cf54%2Cf55%2Cf56%2Cf57%2Cf58%2Cf59%2Cf60%2Cf61&klt=101&fqt=0&beg=20251201&end=20260717&lmt=1000&_=20260718140000
2026-01-12,半导体材料设备指数,931743.CSI,2.931743,6031.03,6050.39,6194.24,6043.38,6110.13,79.1,1.31,8686202,62578438050,2.5,5.07,18.66219476,118.66219476,https://r.jina.ai/http://push2his.eastmoney.com/api/qt/stock/kline/get?secid=2.931743&ut=fa5fd1943c7b386f172d6893dbfba10b&fields1=f1%2Cf2%2Cf3%2Cf4%2Cf5%2Cf6&fields2=f51%2Cf52%2Cf53%2Cf54%2Cf55%2Cf56%2Cf57%2Cf58%2Cf59%2Cf60%2Cf61&klt=101&fqt=0&beg=20251201&end=20260717&lmt=1000&_=20260718140000
2026-01-13,半导体材料设备指数,931743.CSI,2.931743,6110.13,6075.45,6180.9,5894.49,5914.17,-195.96,-3.21,7518567,52368868765,4.69,4.39,14.85654026,114.85654026,https://r.jina.ai/http://push2his.eastmoney.com/api/qt/stock/kline/get?secid=2.931743&ut=fa5fd1943c7b386f172d6893dbfba10b&fields1=f1%2Cf2%2Cf3%2Cf4%2Cf5%2Cf6&fields2=f51%2Cf52%2Cf53%2Cf54%2Cf55%2Cf56%2Cf57%2Cf58%2Cf59%2Cf60%2Cf61&klt=101&fqt=0&beg=20251201&end=20260717&lmt=1000&_=20260718140000
2026-01-14,半导体材料设备指数,931743.CSI,2.931743,5914.17,5933.26,6201.68,5913.33,6044.25,130.08,2.2,7671706,57924348385,4.88,4.48,17.38276774,117.38276774,https://r.jina.ai/http://push2his.eastmoney.com/api/qt/stock/kline/get?secid=2.931743&ut=fa5fd1943c7b386f172d6893dbfba10b&fields1=f1%2Cf2%2Cf3%2Cf4%2Cf5%2Cf6&fields2=f51%2Cf52%2Cf53%2Cf54%2Cf55%2Cf56%2Cf57%2Cf58%2Cf59%2Cf60%2Cf61&klt=101&fqt=0&beg=20251201&end=20260717&lmt=1000&_=20260718140000
2026-01-15,半导体材料设备指数,931743.CSI,2.931743,6044.25,5978.87,6343.99,5960.77,6343.79,299.54,4.96,9500327,67545889076,6.34,5.55,23.20000466,123.20000466,https://r.jina.ai/http://push2his.eastmoney.com/api/qt/stock/kline/get?secid=2.931743&ut=fa5fd1943c7b386f172d6893dbfba10b&fields1=f1%2Cf2%2Cf3%2Cf4%2Cf5%2Cf6&fields2=f51%2Cf52%2Cf53%2Cf54%2Cf55%2Cf56%2Cf57%2Cf58%2Cf59%2Cf60%2Cf61&klt=101&fqt=0&beg=20251201&end=20260717&lmt=1000&_=20260718140000
2026-01-16,半导体材料设备指数,931743.CSI,2.931743,6343.79,6430.43,6630.16,6414.23,6576.18,232.39,3.66,10944034,84888027194,3.4,6.39,27.71315044,127.71315044,https://r.jina.ai/http://push2his.eastmoney.com/api/qt/stock/kline/get?secid=2.931743&ut=fa5fd1943c7b386f172d6893dbfba10b&fields1=f1%2Cf2%2Cf3%2Cf4%2Cf5%2Cf6&fields2=f51%2Cf52%2Cf53%2Cf54%2Cf55%2Cf56%2Cf57%2Cf58%2Cf59%2Cf60%2Cf61&klt=101&fqt=0&beg=20251201&end=20260717&lmt=1000&_=20260718140000
2026-01-19,半导体材料设备指数,931743.CSI,2.931743,6576.18,6644.24,6669.68,6486.18,6545.37,-30.81,-0.47,8508149,59977385299,2.79,4.97,27.11480275,127.11480275,https://r.jina.ai/http://push2his.eastmoney.com/api/qt/stock/kline/get?secid=2.931743&ut=fa5fd1943c7b386f172d6893dbfba10b&fields1=f1%2Cf2%2Cf3%2Cf4%2Cf5%2Cf6&fields2=f51%2Cf52%2Cf53%2Cf54%2Cf55%2Cf56%2Cf57%2Cf58%2Cf59%2Cf60%2Cf61&klt=101&fqt=0&beg=20251201&end=20260717&lmt=1000&_=20260718140000
2026-01-20,半导体材料设备指数,931743.CSI,2.931743,6545.37,6511.31,6592.41,6421.12,6502.65,-42.72,-0.65,8494076,57766175952,2.62,4.96,26.28515608,126.28515608,https://r.jina.ai/http://push2his.eastmoney.com/api/qt/stock/kline/get?secid=2.931743&ut=fa5fd1943c7b386f172d6893dbfba10b&fields1=f1%2Cf2%2Cf3%2Cf4%2Cf5%2Cf6&fields2=f51%2Cf52%2Cf53%2Cf54%2Cf55%2Cf56%2Cf57%2Cf58%2Cf59%2Cf60%2Cf61&klt=101&fqt=0&beg=20251201&end=20260717&lmt=1000&_=20260718140000
2026-01-21,半导体材料设备指数,931743.CSI,2.931743,6502.65,6453.29,6638.41,6438.12,6520.75,18.1,0.28,9546572,63175621141,3.08,5.58,26.63666836,126.63666836,https://r.jina.ai/http://push2his.eastmoney.com/api/qt/stock/kline/get?secid=2.931743&ut=fa5fd1943c7b386f172d6893dbfba10b&fields1=f1%2Cf2%2Cf3%2Cf4%2Cf5%2Cf6&fields2=f51%2Cf52%2Cf53%2Cf54%2Cf55%2Cf56%2Cf57%2Cf58%2Cf59%2Cf60%2Cf61&klt=101&fqt=0&beg=20251201&end=20260717&lmt=1000&_=20260718140000
2026-01-22,半导体材料设备指数,931743.CSI,2.931743,6520.75,6604.77,6614.86,6314.23,6364.35,-156.4,-2.4,8628130,55790442920,4.61,5.04,23.59929154,123.59929154,https://r.jina.ai/http://push2his.eastmoney.com/api/qt/stock/kline/get?secid=2.931743&ut=fa5fd1943c7b386f172d6893dbfba10b&fields1=f1%2Cf2%2Cf3%2Cf4%2Cf5%2Cf6&fields2=f51%2Cf52%2Cf53%2Cf54%2Cf55%2Cf56%2Cf57%2Cf58%2Cf59%2Cf60%2Cf61&klt=101&fqt=0&beg=20251201&end=20260717&lmt=1000&_=20260718140000
2026-01-23,半导体材料设备指数,931743.CSI,2.931743,6364.35,6349.33,6511.22,6265.86,6511.22,146.87,2.31,8836998,58612130722,3.86,5.16,26.45159035,126.45159035,https://r.jina.ai/http://push2his.eastmoney.com/api/qt/stock/kline/get?secid=2.931743&ut=fa5fd1943c7b386f172d6893dbfba10b&fields1=f1%2Cf2%2Cf3%2Cf4%2Cf5%2Cf6&fields2=f51%2Cf52%2Cf53%2Cf54%2Cf55%2Cf56%2Cf57%2Cf58%2Cf59%2Cf60%2Cf61&klt=101&fqt=0&beg=20251201&end=20260717&lmt=1000&_=20260718140000
2026-01-26,半导体材料设备指数,931743.CSI,2.931743,6511.22,6447.47,6447.47,6207.08,6247.23,-263.99,-4.05,7883954,51633186095,3.69,4.6,21.32475462,121.32475462,https://r.jina.ai/http://push2his.eastmoney.com/api/qt/stock/kline/get?secid=2.931743&ut=fa5fd1943c7b386f172d6893dbfba10b&fields1=f1%2Cf2%2Cf3%2Cf4%2Cf5%2Cf6&fields2=f51%2Cf52%2Cf53%2Cf54%2Cf55%2Cf56%2Cf57%2Cf58%2Cf59%2Cf60%2Cf61&klt=101&fqt=0&beg=20251201&end=20260717&lmt=1000&_=20260718140000
2026-01-27,半导体材料设备指数,931743.CSI,2.931743,6247.23,6223.63,6448.58,6203.57,6392.46,145.23,2.32,8375092,54817901979,3.92,4.89,24.1452037,124.1452037,https://r.jina.ai/http://push2his.eastmoney.com/api/qt/stock/kline/get?secid=2.931743&ut=fa5fd1943c7b386f172d6893dbfba10b&fields1=f1%2Cf2%2Cf3%2Cf4%2Cf5%2Cf6&fields2=f51%2Cf52%2Cf53%2Cf54%2Cf55%2Cf56%2Cf57%2Cf58%2Cf59%2Cf60%2Cf61&klt=101&fqt=0&beg=20251201&end=20260717&lmt=1000&_=20260718140000
2026-01-28,半导体材料设备指数,931743.CSI,2.931743,6392.46,6447.41,6512.11,6341.89,6473.05,80.59,1.26,8524574,57190809114,2.66,4.98,25.71030727,125.71030727,https://r.jina.ai/http://push2his.eastmoney.com/api/qt/stock/kline/get?secid=2.931743&ut=fa5fd1943c7b386f172d6893dbfba10b&fields1=f1%2Cf2%2Cf3%2Cf4%2Cf5%2Cf6&fields2=f51%2Cf52%2Cf53%2Cf54%2Cf55%2Cf56%2Cf57%2Cf58%2Cf59%2Cf60%2Cf61&klt=101&fqt=0&beg=20251201&end=20260717&lmt=1000&_=20260718140000
2026-01-29,半导体材料设备指数,931743.CSI,2.931743,6473.05,6411.13,6427.62,6175.48,6175.48,-297.57,-4.6,7514067,54477652221,3.9,4.39,19.93132887,119.93132887,https://r.jina.ai/http://push2his.eastmoney.com/api/qt/stock/kline/get?secid=2.931743&ut=fa5fd1943c7b386f172d6893dbfba10b&fields1=f1%2Cf2%2Cf3%2Cf4%2Cf5%2Cf6&fields2=f51%2Cf52%2Cf53%2Cf54%2Cf55%2Cf56%2Cf57%2Cf58%2Cf59%2Cf60%2Cf61&klt=101&fqt=0&beg=20251201&end=20260717&lmt=1000&_=20260718140000
2026-01-30,半导体材料设备指数,931743.CSI,2.931743,6175.48,6141.17,6238.02,6001.46,6174.45,-1.03,-0.02,6490022,44138030512,3.83,3.79,19.91132569,119.91132569,https://r.jina.ai/http://push2his.eastmoney.com/api/qt/stock/kline/get?secid=2.931743&ut=fa5fd1943c7b386f172d6893dbfba10b&fields1=f1%2Cf2%2Cf3%2Cf4%2Cf5%2Cf6&fields2=f51%2Cf52%2Cf53%2Cf54%2Cf55%2Cf56%2Cf57%2Cf58%2Cf59%2Cf60%2Cf61&klt=101&fqt=0&beg=20251201&end=20260717&lmt=1000&_=20260718140000
2026-02-02,半导体材料设备指数,931743.CSI,2.931743,6174.45,6087.19,6102.58,5858.43,5858.49,-315.96,-5.12,5921605,42047447448,3.95,3.46,13.77520304,113.77520304,https://r.jina.ai/http://push2his.eastmoney.com/api/qt/stock/kline/get?secid=2.931743&ut=fa5fd1943c7b386f172d6893dbfba10b&fields1=f1%2Cf2%2Cf3%2Cf4%2Cf5%2Cf6&fields2=f51%2Cf52%2Cf53%2Cf54%2Cf55%2Cf56%2Cf57%2Cf58%2Cf59%2Cf60%2Cf61&klt=101&fqt=0&beg=20251201&end=20260717&lmt=1000&_=20260718140000
2026-02-03,半导体材料设备指数,931743.CSI,2.931743,5858.49,5979.23,6060.12,5925.61,6052.9,194.41,3.32,4931763,36359667094,2.3,2.88,17.55075565,117.55075565,https://r.jina.ai/http://push2his.eastmoney.com/api/qt/stock/kline/get?secid=2.931743&ut=fa5fd1943c7b386f172d6893dbfba10b&fields1=f1%2Cf2%2Cf3%2Cf4%2Cf5%2Cf6&fields2=f51%2Cf52%2Cf53%2Cf54%2Cf55%2Cf56%2Cf57%2Cf58%2Cf59%2Cf60%2Cf61&klt=101&fqt=0&beg=20251201&end=20260717&lmt=1000&_=20260718140000
2026-02-04,半导体材料设备指数,931743.CSI,2.931743,6052.9,5990.32,6089.42,5939.61,6028.43,-24.47,-0.4,3988570,27861684184,2.48,2.33,17.07553436,117.07553436,https://r.jina.ai/http://push2his.eastmoney.com/api/qt/stock/kline/get?secid=2.931743&ut=fa5fd1943c7b386f172d6893dbfba10b&fields1=f1%2Cf2%2Cf3%2Cf4%2Cf5%2Cf6&fields2=f51%2Cf52%2Cf53%2Cf54%2Cf55%2Cf56%2Cf57%2Cf58%2Cf59%2Cf60%2Cf61&klt=101&fqt=0&beg=20251201&end=20260717&lmt=1000&_=20260718140000
2026-02-05,半导体材料设备指数,931743.CSI,2.931743,6028.43,5899.29,6078.74,5819.2,6019.23,-9.2,-0.15,4559954,34290176190,4.31,2.66,16.89686513,116.89686513,https://r.jina.ai/http://push2his.eastmoney.com/api/qt/stock/kline/get?secid=2.931743&ut=fa5fd1943c7b386f172d6893dbfba10b&fields1=f1%2Cf2%2Cf3%2Cf4%2Cf5%2Cf6&fields2=f51%2Cf52%2Cf53%2Cf54%2Cf55%2Cf56%2Cf57%2Cf58%2Cf59%2Cf60%2Cf61&klt=101&fqt=0&beg=20251201&end=20260717&lmt=1000&_=20260718140000
2026-02-06,半导体材料设备指数,931743.CSI,2.931743,6019.23,5971.91,6089.23,5946.37,5981.96,-37.27,-0.62,4253034,34420271937,2.37,2.48,16.17306056,116.17306056,https://r.jina.ai/http://push2his.eastmoney.com/api/qt/stock/kline/get?secid=2.931743&ut=fa5fd1943c7b386f172d6893dbfba10b&fields1=f1%2Cf2%2Cf3%2Cf4%2Cf5%2Cf6&fields2=f51%2Cf52%2Cf53%2Cf54%2Cf55%2Cf56%2Cf57%2Cf58%2Cf59%2Cf60%2Cf61&klt=101&fqt=0&beg=20251201&end=20260717&lmt=1000&_=20260718140000
2026-02-09,半导体材料设备指数,931743.CSI,2.931743,5981.96,6104.4,6164.99,6055.37,6124.95,142.99,2.39,4539572,35865854276,1.83,2.65,18.95000757,118.95000757,https://r.jina.ai/http://push2his.eastmoney.com/api/qt/stock/kline/get?secid=2.931743&ut=fa5fd1943c7b386f172d6893dbfba10b&fields1=f1%2Cf2%2Cf3%2Cf4%2Cf5%2Cf6&fields2=f51%2Cf52%2Cf53%2Cf54%2Cf55%2Cf56%2Cf57%2Cf58%2Cf59%2Cf60%2Cf61&klt=101&fqt=0&beg=20251201&end=20260717&lmt=1000&_=20260718140000
2026-02-10,半导体材料设备指数,931743.CSI,2.931743,6124.95,6119.64,6180.72,6073.69,6117.41,-7.54,-0.12,4018626,30476081301,1.75,2.35,18.80357649,118.80357649,https://r.jina.ai/http://push2his.eastmoney.com/api/qt/stock/kline/get?secid=2.931743&ut=fa5fd1943c7b386f172d6893dbfba10b&fields1=f1%2Cf2%2Cf3%2Cf4%2Cf5%2Cf6&fields2=f51%2Cf52%2Cf53%2Cf54%2Cf55%2Cf56%2Cf57%2Cf58%2Cf59%2Cf60%2Cf61&klt=101&fqt=0&beg=20251201&end=20260717&lmt=1000&_=20260718140000
2026-02-11,半导体材料设备指数,931743.CSI,2.931743,6117.41,6090.31,6127.69,6037.51,6056.4,-61.01,-1,3464247,24931390153,1.47,2.02,17.61872764,117.61872764,https://r.jina.ai/http://push2his.eastmoney.com/api/qt/stock/kline/get?secid=2.931743&ut=fa5fd1943c7b386f172d6893dbfba10b&fields1=f1%2Cf2%2Cf3%2Cf4%2Cf5%2Cf6&fields2=f51%2Cf52%2Cf53%2Cf54%2Cf55%2Cf56%2Cf57%2Cf58%2Cf59%2Cf60%2Cf61&klt=101&fqt=0&beg=20251201&end=20260717&lmt=1000&_=20260718140000
2026-02-12,半导体材料设备指数,931743.CSI,2.931743,6056.4,6098.48,6127.57,6017.11,6087.19,30.79,0.51,3791655,29457605004,1.82,2.21,18.21668693,118.21668693,https://r.jina.ai/http://push2his.eastmoney.com/api/qt/stock/kline/get?secid=2.931743&ut=fa5fd1943c7b386f172d6893dbfba10b&fields1=f1%2Cf2%2Cf3%2Cf4%2Cf5%2Cf6&fields2=f51%2Cf52%2Cf53%2Cf54%2Cf55%2Cf56%2Cf57%2Cf58%2Cf59%2Cf60%2Cf61&klt=101&fqt=0&beg=20251201&end=20260717&lmt=1000&_=20260718140000
2026-02-13,半导体材料设备指数,931743.CSI,2.931743,6087.19,6056.36,6250.07,6053.08,6142.03,54.84,0.9,4544390,35408565213,3.24,2.65,19.28171087,119.28171087,https://r.jina.ai/http://push2his.eastmoney.com/api/qt/stock/kline/get?secid=2.931743&ut=fa5fd1943c7b386f172d6893dbfba10b&fields1=f1%2Cf2%2Cf3%2Cf4%2Cf5%2Cf6&fields2=f51%2Cf52%2Cf53%2Cf54%2Cf55%2Cf56%2Cf57%2Cf58%2Cf59%2Cf60%2Cf61&klt=101&fqt=0&beg=20251201&end=20260717&lmt=1000&_=20260718140000
2026-02-24,半导体材料设备指数,931743.CSI,2.931743,6142.03,6191.7,6230.57,6024.17,6188.46,46.43,0.76,4458564,32606700616,3.36,2.6,20.18340784,120.18340784,https://r.jina.ai/http://push2his.eastmoney.com/api/qt/stock/kline/get?secid=2.931743&ut=fa5fd1943c7b386f172d6893dbfba10b&fields1=f1%2Cf2%2Cf3%2Cf4%2Cf5%2Cf6&fields2=f51%2Cf52%2Cf53%2Cf54%2Cf55%2Cf56%2Cf57%2Cf58%2Cf59%2Cf60%2Cf61&klt=101&fqt=0&beg=20251201&end=20260717&lmt=1000&_=20260718140000
2026-02-25,半导体材料设备指数,931743.CSI,2.931743,6188.46,6207.69,6531.04,6122.53,6468.73,280.27,4.53,7726572,54287138991,6.6,4.51,25.62641042,125.62641042,https://r.jina.ai/http://push2his.eastmoney.com/api/qt/stock/kline/get?secid=2.931743&ut=fa5fd1943c7b386f172d6893dbfba10b&fields1=f1%2Cf2%2Cf3%2Cf4%2Cf5%2Cf6&fields2=f51%2Cf52%2Cf53%2Cf54%2Cf55%2Cf56%2Cf57%2Cf58%2Cf59%2Cf60%2Cf61&klt=101&fqt=0&beg=20251201&end=20260717&lmt=1000&_=20260718140000
2026-02-26,半导体材料设备指数,931743.CSI,2.931743,6468.73,6470.55,6597.85,6330.87,6543.77,75.04,1.16,7300371,49928780301,4.13,4.26,27.08372984,127.08372984,https://r.jina.ai/http://push2his.eastmoney.com/api/qt/stock/kline/get?secid=2.931743&ut=fa5fd1943c7b386f172d6893dbfba10b&fields1=f1%2Cf2%2Cf3%2Cf4%2Cf5%2Cf6&fields2=f51%2Cf52%2Cf53%2Cf54%2Cf55%2Cf56%2Cf57%2Cf58%2Cf59%2Cf60%2Cf61&klt=101&fqt=0&beg=20251201&end=20260717&lmt=1000&_=20260718140000
2026-02-27,半导体材料设备指数,931743.CSI,2.931743,6543.77,6431.19,6433.05,6331.72,6386.7,-157.07,-2.4,5171029,38041513740,1.55,3.02,24.03334123,124.03334123,https://r.jina.ai/http://push2his.eastmoney.com/api/qt/stock/kline/get?secid=2.931743&ut=fa5fd1943c7b386f172d6893dbfba10b&fields1=f1%2Cf2%2Cf3%2Cf4%2Cf5%2Cf6&fields2=f51%2Cf52%2Cf53%2Cf54%2Cf55%2Cf56%2Cf57%2Cf58%2Cf59%2Cf60%2Cf61&klt=101&fqt=0&beg=20251201&end=20260717&lmt=1000&_=20260718140000
2026-03-02,半导体材料设备指数,931743.CSI,2.931743,6386.7,6240.05,6427.26,6240.05,6269.58,-117.12,-1.83,5774963,41242298393,2.93,3.37,21.75880431,121.75880431,https://r.jina.ai/http://push2his.eastmoney.com/api/qt/stock/kline/get?secid=2.931743&ut=fa5fd1943c7b386f172d6893dbfba10b&fields1=f1%2Cf2%2Cf3%2Cf4%2Cf5%2Cf6&fields2=f51%2Cf52%2Cf53%2Cf54%2Cf55%2Cf56%2Cf57%2Cf58%2Cf59%2Cf60%2Cf61&klt=101&fqt=0&beg=20251201&end=20260717&lmt=1000&_=20260718140000
2026-03-03,半导体材料设备指数,931743.CSI,2.931743,6269.58,6285.77,6357.61,5922.78,5939.61,-329.97,-5.26,6375931,44450852049,6.94,3.72,15.35059951,115.35059951,https://r.jina.ai/http://push2his.eastmoney.com/api/qt/stock/kline/get?secid=2.931743&ut=fa5fd1943c7b386f172d6893dbfba10b&fields1=f1%2Cf2%2Cf3%2Cf4%2Cf5%2Cf6&fields2=f51%2Cf52%2Cf53%2Cf54%2Cf55%2Cf56%2Cf57%2Cf58%2Cf59%2Cf60%2Cf61&klt=101&fqt=0&beg=20251201&end=20260717&lmt=1000&_=20260718140000
2026-03-04,半导体材料设备指数,931743.CSI,2.931743,5939.61,5878.66,6030.82,5878.66,5903.24,-36.37,-0.61,4392761,29786581536,2.56,2.57,14.64427346,114.64427346,https://r.jina.ai/http://push2his.eastmoney.com/api/qt/stock/kline/get?secid=2.931743&ut=fa5fd1943c7b386f172d6893dbfba10b&fields1=f1%2Cf2%2Cf3%2Cf4%2Cf5%2Cf6&fields2=f51%2Cf52%2Cf53%2Cf54%2Cf55%2Cf56%2Cf57%2Cf58%2Cf59%2Cf60%2Cf61&klt=101&fqt=0&beg=20251201&end=20260717&lmt=1000&_=20260718140000
2026-03-05,半导体材料设备指数,931743.CSI,2.931743,5903.24,6048.62,6148.78,5948.86,6004.26,101.02,1.71,4435279,33291281406,3.39,2.59,16.60613923,116.60613923,https://r.jina.ai/http://push2his.eastmoney.com/api/qt/stock/kline/get?secid=2.931743&ut=fa5fd1943c7b386f172d6893dbfba10b&fields1=f1%2Cf2%2Cf3%2Cf4%2Cf5%2Cf6&fields2=f51%2Cf52%2Cf53%2Cf54%2Cf55%2Cf56%2Cf57%2Cf58%2Cf59%2Cf60%2Cf61&klt=101&fqt=0&beg=20251201&end=20260717&lmt=1000&_=20260718140000
2026-03-06,半导体材料设备指数,931743.CSI,2.931743,6004.26,5963.73,6044.32,5925.95,5936.81,-67.45,-1.12,3263171,23664082539,1.97,1.91,15.29622192,115.29622192,https://r.jina.ai/http://push2his.eastmoney.com/api/qt/stock/kline/get?secid=2.931743&ut=fa5fd1943c7b386f172d6893dbfba10b&fields1=f1%2Cf2%2Cf3%2Cf4%2Cf5%2Cf6&fields2=f51%2Cf52%2Cf53%2Cf54%2Cf55%2Cf56%2Cf57%2Cf58%2Cf59%2Cf60%2Cf61&klt=101&fqt=0&beg=20251201&end=20260717&lmt=1000&_=20260718140000
2026-03-09,半导体材料设备指数,931743.CSI,2.931743,5936.81,5731.17,5796.13,5585.92,5780.31,-156.5,-2.64,4670437,35191539752,3.54,2.73,12.25690304,112.25690304,https://r.jina.ai/http://push2his.eastmoney.com/api/qt/stock/kline/get?secid=2.931743&ut=fa5fd1943c7b386f172d6893dbfba10b&fields1=f1%2Cf2%2Cf3%2Cf4%2Cf5%2Cf6&fields2=f51%2Cf52%2Cf53%2Cf54%2Cf55%2Cf56%2Cf57%2Cf58%2Cf59%2Cf60%2Cf61&klt=101&fqt=0&beg=20251201&end=20260717&lmt=1000&_=20260718140000
2026-03-10,半导体材料设备指数,931743.CSI,2.931743,5780.31,5901.82,5953.37,5827.44,5920.26,139.95,2.42,3729193,29021273077,2.18,2.18,14.97481152,114.97481152,https://r.jina.ai/http://push2his.eastmoney.com/api/qt/stock/kline/get?secid=2.931743&ut=fa5fd1943c7b386f172d6893dbfba10b&fields1=f1%2Cf2%2Cf3%2Cf4%2Cf5%2Cf6&fields2=f51%2Cf52%2Cf53%2Cf54%2Cf55%2Cf56%2Cf57%2Cf58%2Cf59%2Cf60%2Cf61&klt=101&fqt=0&beg=20251201&end=20260717&lmt=1000&_=20260718140000
2026-03-11,半导体材料设备指数,931743.CSI,2.931743,5920.26,5908.05,5936.74,5801.87,5844.6,-75.66,-1.28,3777495,29198317215,2.28,2.21,13.50545135,113.50545135,https://r.jina.ai/http://push2his.eastmoney.com/api/qt/stock/kline/get?secid=2.931743&ut=fa5fd1943c7b386f172d6893dbfba10b&fields1=f1%2Cf2%2Cf3%2Cf4%2Cf5%2Cf6&fields2=f51%2Cf52%2Cf53%2Cf54%2Cf55%2Cf56%2Cf57%2Cf58%2Cf59%2Cf60%2Cf61&klt=101&fqt=0&beg=20251201&end=20260717&lmt=1000&_=20260718140000
2026-03-12,半导体材料设备指数,931743.CSI,2.931743,5844.6,5830.24,5884.01,5689.15,5751.85,-92.75,-1.59,3228989,25556947132,3.33,1.89,11.70419368,111.70419368,https://r.jina.ai/http://push2his.eastmoney.com/api/qt/stock/kline/get?secid=2.931743&ut=fa5fd1943c7b386f172d6893dbfba10b&fields1=f1%2Cf2%2Cf3%2Cf4%2Cf5%2Cf6&fields2=f51%2Cf52%2Cf53%2Cf54%2Cf55%2Cf56%2Cf57%2Cf58%2Cf59%2Cf60%2Cf61&klt=101&fqt=0&beg=20251201&end=20260717&lmt=1000&_=20260718140000
2026-03-13,半导体材料设备指数,931743.CSI,2.931743,5751.85,5679.86,5808.91,5659.4,5693.71,-58.14,-1.01,3370836,26346067862,2.6,1.97,10.57508186,110.57508186,https://r.jina.ai/http://push2his.eastmoney.com/api/qt/stock/kline/get?secid=2.931743&ut=fa5fd1943c7b386f172d6893dbfba10b&fields1=f1%2Cf2%2Cf3%2Cf4%2Cf5%2Cf6&fields2=f51%2Cf52%2Cf53%2Cf54%2Cf55%2Cf56%2Cf57%2Cf58%2Cf59%2Cf60%2Cf61&klt=101&fqt=0&beg=20251201&end=20260717&lmt=1000&_=20260718140000
2026-03-16,半导体材料设备指数,931743.CSI,2.931743,5693.71,5694.88,5780.79,5548.96,5771.92,78.21,1.37,4339505,31626757531,4.07,2.53,12.09396448,112.09396448,https://r.jina.ai/http://push2his.eastmoney.com/api/qt/stock/kline/get?secid=2.931743&ut=fa5fd1943c7b386f172d6893dbfba10b&fields1=f1%2Cf2%2Cf3%2Cf4%2Cf5%2Cf6&fields2=f51%2Cf52%2Cf53%2Cf54%2Cf55%2Cf56%2Cf57%2Cf58%2Cf59%2Cf60%2Cf61&klt=101&fqt=0&beg=20251201&end=20260717&lmt=1000&_=20260718140000
2026-03-17,半导体材料设备指数,931743.CSI,2.931743,5771.92,5776.42,5796.03,5601.67,5603.17,-168.75,-2.92,3656665,25033630637,3.37,2.14,8.81674364,108.81674364,https://r.jina.ai/http://push2his.eastmoney.com/api/qt/stock/kline/get?secid=2.931743&ut=fa5fd1943c7b386f172d6893dbfba10b&fields1=f1%2Cf2%2Cf3%2Cf4%2Cf5%2Cf6&fields2=f51%2Cf52%2Cf53%2Cf54%2Cf55%2Cf56%2Cf57%2Cf58%2Cf59%2Cf60%2Cf61&klt=101&fqt=0&beg=20251201&end=20260717&lmt=1000&_=20260718140000
2026-03-18,半导体材料设备指数,931743.CSI,2.931743,5603.17,5656.71,5747.92,5627.2,5737.59,134.42,2.4,3338441,25430245920,2.15,1.95,11.42725638,111.42725638,https://r.jina.ai/http://push2his.eastmoney.com/api/qt/stock/kline/get?secid=2.931743&ut=fa5fd1943c7b386f172d6893dbfba10b&fields1=f1%2Cf2%2Cf3%2Cf4%2Cf5%2Cf6&fields2=f51%2Cf52%2Cf53%2Cf54%2Cf55%2Cf56%2Cf57%2Cf58%2Cf59%2Cf60%2Cf61&klt=101&fqt=0&beg=20251201&end=20260717&lmt=1000&_=20260718140000
2026-03-19,半导体材料设备指数,931743.CSI,2.931743,5737.59,5644.66,5679.48,5578.1,5600.33,-137.26,-2.39,3337485,23419314716,1.77,1.95,8.76158922,108.76158922,https://r.jina.ai/http://push2his.eastmoney.com/api/qt/stock/kline/get?secid=2.931743&ut=fa5fd1943c7b386f172d6893dbfba10b&fields1=f1%2Cf2%2Cf3%2Cf4%2Cf5%2Cf6&fields2=f51%2Cf52%2Cf53%2Cf54%2Cf55%2Cf56%2Cf57%2Cf58%2Cf59%2Cf60%2Cf61&klt=101&fqt=0&beg=20251201&end=20260717&lmt=1000&_=20260718140000
2026-03-20,半导体材料设备指数,931743.CSI,2.931743,5600.33,5638.31,5719.58,5565.4,5569.25,-31.08,-0.55,3529549,27693529733,2.75,2.06,8.15799797,108.15799797,https://r.jina.ai/http://push2his.eastmoney.com/api/qt/stock/kline/get?secid=2.931743&ut=fa5fd1943c7b386f172d6893dbfba10b&fields1=f1%2Cf2%2Cf3%2Cf4%2Cf5%2Cf6&fields2=f51%2Cf52%2Cf53%2Cf54%2Cf55%2Cf56%2Cf57%2Cf58%2Cf59%2Cf60%2Cf61&klt=101&fqt=0&beg=20251201&end=20260717&lmt=1000&_=20260718140000
2026-03-23,半导体材料设备指数,931743.CSI,2.931743,5569.25,5478.12,5519.66,5277.7,5310.95,-258.3,-4.64,4341084,29975612078,4.34,2.54,3.14166527,103.14166527,https://r.jina.ai/http://push2his.eastmoney.com/api/qt/stock/kline/get?secid=2.931743&ut=fa5fd1943c7b386f172d6893dbfba10b&fields1=f1%2Cf2%2Cf3%2Cf4%2Cf5%2Cf6&fields2=f51%2Cf52%2Cf53%2Cf54%2Cf55%2Cf56%2Cf57%2Cf58%2Cf59%2Cf60%2Cf61&klt=101&fqt=0&beg=20251201&end=20260717&lmt=1000&_=20260718140000
2026-03-24,半导体材料设备指数,931743.CSI,2.931743,5310.95,5400.28,5410.68,5266.37,5404.2,93.25,1.76,3310312,22995849937,2.72,1.93,4.95263323,104.95263323,https://r.jina.ai/http://push2his.eastmoney.com/api/qt/stock/kline/get?secid=2.931743&ut=fa5fd1943c7b386f172d6893dbfba10b&fields1=f1%2Cf2%2Cf3%2Cf4%2Cf5%2Cf6&fields2=f51%2Cf52%2Cf53%2Cf54%2Cf55%2Cf56%2Cf57%2Cf58%2Cf59%2Cf60%2Cf61&klt=101&fqt=0&beg=20251201&end=20260717&lmt=1000&_=20260718140000
2026-03-25,半导体材料设备指数,931743.CSI,2.931743,5404.2,5483.25,5637.51,5483.2,5561.12,156.92,2.9,3584037,28089450134,2.86,2.09,8.00010876,108.00010876,https://r.jina.ai/http://push2his.eastmoney.com/api/qt/stock/kline/get?secid=2.931743&ut=fa5fd1943c7b386f172d6893dbfba10b&fields1=f1%2Cf2%2Cf3%2Cf4%2Cf5%2Cf6&fields2=f51%2Cf52%2Cf53%2Cf54%2Cf55%2Cf56%2Cf57%2Cf58%2Cf59%2Cf60%2Cf61&klt=101&fqt=0&beg=20251201&end=20260717&lmt=1000&_=20260718140000
2026-03-26,半导体材料设备指数,931743.CSI,2.931743,5561.12,5515.21,5533.87,5424.39,5438.7,-122.42,-2.2,2542707,20074673721,1.97,1.48,5.62264283,105.62264283,https://r.jina.ai/http://push2his.eastmoney.com/api/qt/stock/kline/get?secid=2.931743&ut=fa5fd1943c7b386f172d6893dbfba10b&fields1=f1%2Cf2%2Cf3%2Cf4%2Cf5%2Cf6&fields2=f51%2Cf52%2Cf53%2Cf54%2Cf55%2Cf56%2Cf57%2Cf58%2Cf59%2Cf60%2Cf61&klt=101&fqt=0&beg=20251201&end=20260717&lmt=1000&_=20260718140000
2026-03-27,半导体材料设备指数,931743.CSI,2.931743,5438.7,5369.6,5607.45,5354.85,5563.75,125.05,2.3,3040951,24299616782,4.64,1.78,8.05118485,108.05118485,https://r.jina.ai/http://push2his.eastmoney.com/api/qt/stock/kline/get?secid=2.931743&ut=fa5fd1943c7b386f172d6893dbfba10b&fields1=f1%2Cf2%2Cf3%2Cf4%2Cf5%2Cf6&fields2=f51%2Cf52%2Cf53%2Cf54%2Cf55%2Cf56%2Cf57%2Cf58%2Cf59%2Cf60%2Cf61&klt=101&fqt=0&beg=20251201&end=20260717&lmt=1000&_=20260718140000
2026-03-30,半导体材料设备指数,931743.CSI,2.931743,5563.75,5483.73,5740.61,5470.93,5705.51,141.76,2.55,3140524,28747538239,4.85,1.83,10.80424456,110.80424456,https://r.jina.ai/http://push2his.eastmoney.com/api/qt/stock/kline/get?secid=2.931743&ut=fa5fd1943c7b386f172d6893dbfba10b&fields1=f1%2Cf2%2Cf3%2Cf4%2Cf5%2Cf6&fields2=f51%2Cf52%2Cf53%2Cf54%2Cf55%2Cf56%2Cf57%2Cf58%2Cf59%2Cf60%2Cf61&klt=101&fqt=0&beg=20251201&end=20260717&lmt=1000&_=20260718140000
2026-03-31,半导体材料设备指数,931743.CSI,2.931743,5705.51,5678.68,5687.44,5481.21,5484.29,-221.22,-3.88,2957917,25099747041,3.61,1.73,6.50802652,106.50802652,https://r.jina.ai/http://push2his.eastmoney.com/api/qt/stock/kline/get?secid=2.931743&ut=fa5fd1943c7b386f172d6893dbfba10b&fields1=f1%2Cf2%2Cf3%2Cf4%2Cf5%2Cf6&fields2=f51%2Cf52%2Cf53%2Cf54%2Cf55%2Cf56%2Cf57%2Cf58%2Cf59%2Cf60%2Cf61&klt=101&fqt=0&beg=20251201&end=20260717&lmt=1000&_=20260718140000
2026-04-01,半导体材料设备指数,931743.CSI,2.931743,5484.29,5627.56,5674.96,5558.91,5588.43,104.14,1.9,2803502,24164538871,2.12,1.64,8.53048447,108.53048447,https://r.jina.ai/http://push2his.eastmoney.com/api/qt/stock/kline/get?secid=2.931743&ut=fa5fd1943c7b386f172d6893dbfba10b&fields1=f1%2Cf2%2Cf3%2Cf4%2Cf5%2Cf6&fields2=f51%2Cf52%2Cf53%2Cf54%2Cf55%2Cf56%2Cf57%2Cf58%2Cf59%2Cf60%2Cf61&klt=101&fqt=0&beg=20251201&end=20260717&lmt=1000&_=20260718140000
2026-04-02,半导体材料设备指数,931743.CSI,2.931743,5588.43,5577.35,5577.35,5341.21,5389.04,-199.39,-3.57,2815504,22670768492,4.23,1.64,4.65821742,104.65821742,https://r.jina.ai/http://push2his.eastmoney.com/api/qt/stock/kline/get?secid=2.931743&ut=fa5fd1943c7b386f172d6893dbfba10b&fields1=f1%2Cf2%2Cf3%2Cf4%2Cf5%2Cf6&fields2=f51%2Cf52%2Cf53%2Cf54%2Cf55%2Cf56%2Cf57%2Cf58%2Cf59%2Cf60%2Cf61&klt=101&fqt=0&beg=20251201&end=20260717&lmt=1000&_=20260718140000
2026-04-03,半导体材料设备指数,931743.CSI,2.931743,5389.04,5438.88,5455.19,5368.23,5381.55,-7.49,-0.14,2757204,20811017945,1.61,1.61,4.51275737,104.51275737,https://r.jina.ai/http://push2his.eastmoney.com/api/qt/stock/kline/get?secid=2.931743&ut=fa5fd1943c7b386f172d6893dbfba10b&fields1=f1%2Cf2%2Cf3%2Cf4%2Cf5%2Cf6&fields2=f51%2Cf52%2Cf53%2Cf54%2Cf55%2Cf56%2Cf57%2Cf58%2Cf59%2Cf60%2Cf61&klt=101&fqt=0&beg=20251201&end=20260717&lmt=1000&_=20260718140000
2026-04-07,半导体材料设备指数,931743.CSI,2.931743,5381.55,5415.5,5473.25,5389.28,5409.5,27.95,0.52,3068119,20084571116,1.56,1.79,5.05556224,105.05556224,https://r.jina.ai/http://push2his.eastmoney.com/api/qt/stock/kline/get?secid=2.931743&ut=fa5fd1943c7b386f172d6893dbfba10b&fields1=f1%2Cf2%2Cf3%2Cf4%2Cf5%2Cf6&fields2=f51%2Cf52%2Cf53%2Cf54%2Cf55%2Cf56%2Cf57%2Cf58%2Cf59%2Cf60%2Cf61&klt=101&fqt=0&beg=20251201&end=20260717&lmt=1000&_=20260718140000
2026-04-08,半导体材料设备指数,931743.CSI,2.931743,5409.5,5591.64,5818.38,5591.64,5817.79,408.29,7.55,5132442,40732483657,4.19,3,12.98478593,112.98478593,https://r.jina.ai/http://push2his.eastmoney.com/api/qt/stock/kline/get?secid=2.931743&ut=fa5fd1943c7b386f172d6893dbfba10b&fields1=f1%2Cf2%2Cf3%2Cf4%2Cf5%2Cf6&fields2=f51%2Cf52%2Cf53%2Cf54%2Cf55%2Cf56%2Cf57%2Cf58%2Cf59%2Cf60%2Cf61&klt=101&fqt=0&beg=20251201&end=20260717&lmt=1000&_=20260718140000
2026-04-09,半导体材料设备指数,931743.CSI,2.931743,5817.79,5737.76,5961.06,5727.78,5873.25,55.46,0.95,4062124,34107626199,4.01,2.37,14.06185062,114.06185062,https://r.jina.ai/http://push2his.eastmoney.com/api/qt/stock/kline/get?secid=2.931743&ut=fa5fd1943c7b386f172d6893dbfba10b&fields1=f1%2Cf2%2Cf3%2Cf4%2Cf5%2Cf6&fields2=f51%2Cf52%2Cf53%2Cf54%2Cf55%2Cf56%2Cf57%2Cf58%2Cf59%2Cf60%2Cf61&klt=101&fqt=0&beg=20251201&end=20260717&lmt=1000&_=20260718140000
2026-04-10,半导体材料设备指数,931743.CSI,2.931743,5873.25,5950.55,6038.69,5936.35,5939.2,65.95,1.12,4277637,33616978716,1.74,2.5,15.34263708,115.34263708,https://r.jina.ai/http://push2his.eastmoney.com/api/qt/stock/kline/get?secid=2.931743&ut=fa5fd1943c7b386f172d6893dbfba10b&fields1=f1%2Cf2%2Cf3%2Cf4%2Cf5%2Cf6&fields2=f51%2Cf52%2Cf53%2Cf54%2Cf55%2Cf56%2Cf57%2Cf58%2Cf59%2Cf60%2Cf61&klt=101&fqt=0&beg=20251201&end=20260717&lmt=1000&_=20260718140000
2026-04-13,半导体材料设备指数,931743.CSI,2.931743,5939.2,5888.47,5949.25,5853.4,5865.85,-73.35,-1.24,3708416,29402902526,1.61,2.17,13.91813842,113.91813842,https://r.jina.ai/http://push2his.eastmoney.com/api/qt/stock/kline/get?secid=2.931743&ut=fa5fd1943c7b386f172d6893dbfba10b&fields1=f1%2Cf2%2Cf3%2Cf4%2Cf5%2Cf6&fields2=f51%2Cf52%2Cf53%2Cf54%2Cf55%2Cf56%2Cf57%2Cf58%2Cf59%2Cf60%2Cf61&klt=101&fqt=0&beg=20251201&end=20260717&lmt=1000&_=20260718140000
2026-04-14,半导体材料设备指数,931743.CSI,2.931743,5865.85,5942.7,6120.15,5942.31,6054.13,188.28,3.21,4457583,38544028460,3.03,2.6,17.57464295,117.57464295,https://r.jina.ai/http://push2his.eastmoney.com/api/qt/stock/kline/get?secid=2.931743&ut=fa5fd1943c7b386f172d6893dbfba10b&fields1=f1%2Cf2%2Cf3%2Cf4%2Cf5%2Cf6&fields2=f51%2Cf52%2Cf53%2Cf54%2Cf55%2Cf56%2Cf57%2Cf58%2Cf59%2Cf60%2Cf61&klt=101&fqt=0&beg=20251201&end=20260717&lmt=1000&_=20260718140000
2026-04-15,半导体材料设备指数,931743.CSI,2.931743,6054.13,6100.23,6122.09,5922.85,5944.8,-109.33,-1.81,4252756,34798412161,3.29,2.48,15.45139226,115.45139226,https://r.jina.ai/http://push2his.eastmoney.com/api/qt/stock/kline/get?secid=2.931743&ut=fa5fd1943c7b386f172d6893dbfba10b&fields1=f1%2Cf2%2Cf3%2Cf4%2Cf5%2Cf6&fields2=f51%2Cf52%2Cf53%2Cf54%2Cf55%2Cf56%2Cf57%2Cf58%2Cf59%2Cf60%2Cf61&klt=101&fqt=0&beg=20251201&end=20260717&lmt=1000&_=20260718140000
2026-04-16,半导体材料设备指数,931743.CSI,2.931743,5944.8,5960.37,6034.16,5909.36,6029.06,84.26,1.42,4103442,33988816555,2.1,2.4,17.08776931,117.08776931,https://r.jina.ai/http://push2his.eastmoney.com/api/qt/stock/kline/get?secid=2.931743&ut=fa5fd1943c7b386f172d6893dbfba10b&fields1=f1%2Cf2%2Cf3%2Cf4%2Cf5%2Cf6&fields2=f51%2Cf52%2Cf53%2Cf54%2Cf55%2Cf56%2Cf57%2Cf58%2Cf59%2Cf60%2Cf61&klt=101&fqt=0&beg=20251201&end=20260717&lmt=1000&_=20260718140000
2026-04-17,半导体材料设备指数,931743.CSI,2.931743,6029.06,5999.21,6079.18,5926.74,6036.86,7.8,0.13,5365285,41426376723,2.53,3.13,17.23924974,117.23924974,https://r.jina.ai/http://push2his.eastmoney.com/api/qt/stock/kline/get?secid=2.931743&ut=fa5fd1943c7b386f172d6893dbfba10b&fields1=f1%2Cf2%2Cf3%2Cf4%2Cf5%2Cf6&fields2=f51%2Cf52%2Cf53%2Cf54%2Cf55%2Cf56%2Cf57%2Cf58%2Cf59%2Cf60%2Cf61&klt=101&fqt=0&beg=20251201&end=20260717&lmt=1000&_=20260718140000
2026-04-20,半导体材料设备指数,931743.CSI,2.931743,6036.86,5984.71,6128.25,5925.98,6093.63,56.77,0.94,6987951,47880720618,3.35,4.08,18.34175539,118.34175539,https://r.jina.ai/http://push2his.eastmoney.com/api/qt/stock/kline/get?secid=2.931743&ut=fa5fd1943c7b386f172d6893dbfba10b&fields1=f1%2Cf2%2Cf3%2Cf4%2Cf5%2Cf6&fields2=f51%2Cf52%2Cf53%2Cf54%2Cf55%2Cf56%2Cf57%2Cf58%2Cf59%2Cf60%2Cf61&klt=101&fqt=0&beg=20251201&end=20260717&lmt=1000&_=20260718140000
2026-04-21,半导体材料设备指数,931743.CSI,2.931743,6093.63,6082.76,6082.76,5948.47,6008.91,-84.72,-1.39,5727107,40003127269,2.2,3.34,16.69644487,116.69644487,https://r.jina.ai/http://push2his.eastmoney.com/api/qt/stock/kline/get?secid=2.931743&ut=fa5fd1943c7b386f172d6893dbfba10b&fields1=f1%2Cf2%2Cf3%2Cf4%2Cf5%2Cf6&fields2=f51%2Cf52%2Cf53%2Cf54%2Cf55%2Cf56%2Cf57%2Cf58%2Cf59%2Cf60%2Cf61&klt=101&fqt=0&beg=20251201&end=20260717&lmt=1000&_=20260718140000
2026-04-22,半导体材料设备指数,931743.CSI,2.931743,6008.91,5996.48,6202.95,5995.26,6198.96,190.05,3.16,6496428,51012138179,3.46,3.79,20.38732381,120.38732381,https://r.jina.ai/http://push2his.eastmoney.com/api/qt/stock/kline/get?secid=2.931743&ut=fa5fd1943c7b386f172d6893dbfba10b&fields1=f1%2Cf2%2Cf3%2Cf4%2Cf5%2Cf6&fields2=f51%2Cf52%2Cf53%2Cf54%2Cf55%2Cf56%2Cf57%2Cf58%2Cf59%2Cf60%2Cf61&klt=101&fqt=0&beg=20251201&end=20260717&lmt=1000&_=20260718140000
2026-04-23,半导体材料设备指数,931743.CSI,2.931743,6198.96,6224.27,6241.44,6058.5,6130.21,-68.75,-1.11,6576814,45814541571,2.95,3.84,19.05215976,119.05215976,https://r.jina.ai/http://push2his.eastmoney.com/api/qt/stock/kline/get?secid=2.931743&ut=fa5fd1943c7b386f172d6893dbfba10b&fields1=f1%2Cf2%2Cf3%2Cf4%2Cf5%2Cf6&fields2=f51%2Cf52%2Cf53%2Cf54%2Cf55%2Cf56%2Cf57%2Cf58%2Cf59%2Cf60%2Cf61&klt=101&fqt=0&beg=20251201&end=20260717&lmt=1000&_=20260718140000
2026-04-24,半导体材料设备指数,931743.CSI,2.931743,6130.21,6139.79,6232.48,6094.91,6177.55,47.34,0.77,6150429,47092019290,2.24,3.59,19.97152945,119.97152945,https://r.jina.ai/http://push2his.eastmoney.com/api/qt/stock/kline/get?secid=2.931743&ut=fa5fd1943c7b386f172d6893dbfba10b&fields1=f1%2Cf2%2Cf3%2Cf4%2Cf5%2Cf6&fields2=f51%2Cf52%2Cf53%2Cf54%2Cf55%2Cf56%2Cf57%2Cf58%2Cf59%2Cf60%2Cf61&klt=101&fqt=0&beg=20251201&end=20260717&lmt=1000&_=20260718140000
2026-04-27,半导体材料设备指数,931743.CSI,2.931743,6177.55,6258.07,6634.75,6217.07,6560.82,383.27,6.2,8455131,75353753434,6.76,4.94,27.41485052,127.41485052,https://r.jina.ai/http://push2his.eastmoney.com/api/qt/stock/kline/get?secid=2.931743&ut=fa5fd1943c7b386f172d6893dbfba10b&fields1=f1%2Cf2%2Cf3%2Cf4%2Cf5%2Cf6&fields2=f51%2Cf52%2Cf53%2Cf54%2Cf55%2Cf56%2Cf57%2Cf58%2Cf59%2Cf60%2Cf61&klt=101&fqt=0&beg=20251201&end=20260717&lmt=1000&_=20260718140000
2026-04-28,半导体材料设备指数,931743.CSI,2.931743,6560.82,6490.81,6724.99,6421.66,6557.77,-3.05,-0.05,8257632,65433600007,4.62,4.82,27.35561779,127.35561779,https://r.jina.ai/http://push2his.eastmoney.com/api/qt/stock/kline/get?secid=2.931743&ut=fa5fd1943c7b386f172d6893dbfba10b&fields1=f1%2Cf2%2Cf3%2Cf4%2Cf5%2Cf6&fields2=f51%2Cf52%2Cf53%2Cf54%2Cf55%2Cf56%2Cf57%2Cf58%2Cf59%2Cf60%2Cf61&klt=101&fqt=0&beg=20251201&end=20260717&lmt=1000&_=20260718140000
2026-04-29,半导体材料设备指数,931743.CSI,2.931743,6557.77,6471.74,6542.31,6331.41,6533.56,-24.21,-0.37,6539243,52945911568,3.22,3.82,26.88544584,126.88544584,https://r.jina.ai/http://push2his.eastmoney.com/api/qt/stock/kline/get?secid=2.931743&ut=fa5fd1943c7b386f172d6893dbfba10b&fields1=f1%2Cf2%2Cf3%2Cf4%2Cf5%2Cf6&fields2=f51%2Cf52%2Cf53%2Cf54%2Cf55%2Cf56%2Cf57%2Cf58%2Cf59%2Cf60%2Cf61&klt=101&fqt=0&beg=20251201&end=20260717&lmt=1000&_=20260718140000
2026-04-30,半导体材料设备指数,931743.CSI,2.931743,6533.56,6534.63,6813.23,6482.05,6750.61,217.05,3.32,7878696,63953750966,5.07,4.6,31.10068011,131.10068011,https://r.jina.ai/http://push2his.eastmoney.com/api/qt/stock/kline/get?secid=2.931743&ut=fa5fd1943c7b386f172d6893dbfba10b&fields1=f1%2Cf2%2Cf3%2Cf4%2Cf5%2Cf6&fields2=f51%2Cf52%2Cf53%2Cf54%2Cf55%2Cf56%2Cf57%2Cf58%2Cf59%2Cf60%2Cf61&klt=101&fqt=0&beg=20251201&end=20260717&lmt=1000&_=20260718140000
2026-05-06,半导体材料设备指数,931743.CSI,2.931743,6750.61,6969.46,7209.32,6900.55,6904.18,153.57,2.27,10308181,79300010690,4.57,6.02,34.08309673,134.08309673,https://r.jina.ai/http://push2his.eastmoney.com/api/qt/stock/kline/get?secid=2.931743&ut=fa5fd1943c7b386f172d6893dbfba10b&fields1=f1%2Cf2%2Cf3%2Cf4%2Cf5%2Cf6&fields2=f51%2Cf52%2Cf53%2Cf54%2Cf55%2Cf56%2Cf57%2Cf58%2Cf59%2Cf60%2Cf61&klt=101&fqt=0&beg=20251201&end=20260717&lmt=1000&_=20260718140000
2026-05-07,半导体材料设备指数,931743.CSI,2.931743,6904.18,6963.22,7071.57,6845.26,7060.48,156.3,2.26,7953348,60036625929,3.28,4.64,37.11853149,137.11853149,https://r.jina.ai/http://push2his.eastmoney.com/api/qt/stock/kline/get?secid=2.931743&ut=fa5fd1943c7b386f172d6893dbfba10b&fields1=f1%2Cf2%2Cf3%2Cf4%2Cf5%2Cf6&fields2=f51%2Cf52%2Cf53%2Cf54%2Cf55%2Cf56%2Cf57%2Cf58%2Cf59%2Cf60%2Cf61&klt=101&fqt=0&beg=20251201&end=20260717&lmt=1000&_=20260718140000
2026-05-08,半导体材料设备指数,931743.CSI,2.931743,7060.48,6939.48,7055.31,6849.94,6912.08,-148.4,-2.1,8094531,58031991206,2.91,4.73,34.23651921,134.23651921,https://r.jina.ai/http://push2his.eastmoney.com/api/qt/stock/kline/get?secid=2.931743&ut=fa5fd1943c7b386f172d6893dbfba10b&fields1=f1%2Cf2%2Cf3%2Cf4%2Cf5%2Cf6&fields2=f51%2Cf52%2Cf53%2Cf54%2Cf55%2Cf56%2Cf57%2Cf58%2Cf59%2Cf60%2Cf61&klt=101&fqt=0&beg=20251201&end=20260717&lmt=1000&_=20260718140000
2026-05-11,半导体材料设备指数,931743.CSI,2.931743,6912.08,7056.27,7478.71,7029.66,7389.64,477.56,6.91,11669445,91874076738,6.5,6.81,43.51100564,143.51100564,https://r.jina.ai/http://push2his.eastmoney.com/api/qt/stock/kline/get?secid=2.931743&ut=fa5fd1943c7b386f172d6893dbfba10b&fields1=f1%2Cf2%2Cf3%2Cf4%2Cf5%2Cf6&fields2=f51%2Cf52%2Cf53%2Cf54%2Cf55%2Cf56%2Cf57%2Cf58%2Cf59%2Cf60%2Cf61&klt=101&fqt=0&beg=20251201&end=20260717&lmt=1000&_=20260718140000
2026-05-12,半导体材料设备指数,931743.CSI,2.931743,7389.64,7384.23,7614.87,7260.04,7550.15,160.51,2.17,9898615,80271502073,4.8,5.78,46.628201,146.628201,https://r.jina.ai/http://push2his.eastmoney.com/api/qt/stock/kline/get?secid=2.931743&ut=fa5fd1943c7b386f172d6893dbfba10b&fields1=f1%2Cf2%2Cf3%2Cf4%2Cf5%2Cf6&fields2=f51%2Cf52%2Cf53%2Cf54%2Cf55%2Cf56%2Cf57%2Cf58%2Cf59%2Cf60%2Cf61&klt=101&fqt=0&beg=20251201&end=20260717&lmt=1000&_=20260718140000
2026-05-13,半导体材料设备指数,931743.CSI,2.931743,7550.15,7392.46,7878.62,7368.73,7841.78,291.63,3.86,9926705,86364362017,6.75,5.8,52.29182122,152.29182122,https://r.jina.ai/http://push2his.eastmoney.com/api/qt/stock/kline/get?secid=2.931743&ut=fa5fd1943c7b386f172d6893dbfba10b&fields1=f1%2Cf2%2Cf3%2Cf4%2Cf5%2Cf6&fields2=f51%2Cf52%2Cf53%2Cf54%2Cf55%2Cf56%2Cf57%2Cf58%2Cf59%2Cf60%2Cf61&klt=101&fqt=0&beg=20251201&end=20260717&lmt=1000&_=20260718140000
2026-05-14,半导体材料设备指数,931743.CSI,2.931743,7841.78,7893.2,7910.51,7641.3,7678.68,-163.1,-2.08,10354044,85867988225,3.43,6.05,49.12432659,149.12432659,https://r.jina.ai/http://push2his.eastmoney.com/api/qt/stock/kline/get?secid=2.931743&ut=fa5fd1943c7b386f172d6893dbfba10b&fields1=f1%2Cf2%2Cf3%2Cf4%2Cf5%2Cf6&fields2=f51%2Cf52%2Cf53%2Cf54%2Cf55%2Cf56%2Cf57%2Cf58%2Cf59%2Cf60%2Cf61&klt=101&fqt=0&beg=20251201&end=20260717&lmt=1000&_=20260718140000
2026-05-15,半导体材料设备指数,931743.CSI,2.931743,7678.68,7761.24,8383.15,7473.84,8015.54,336.86,4.39,12484449,122571303883,11.84,7.29,55.66633911,155.66633911,https://r.jina.ai/http://push2his.eastmoney.com/api/qt/stock/kline/get?secid=2.931743&ut=fa5fd1943c7b386f172d6893dbfba10b&fields1=f1%2Cf2%2Cf3%2Cf4%2Cf5%2Cf6&fields2=f51%2Cf52%2Cf53%2Cf54%2Cf55%2Cf56%2Cf57%2Cf58%2Cf59%2Cf60%2Cf61&klt=101&fqt=0&beg=20251201&end=20260717&lmt=1000&_=20260718140000
2026-05-18,半导体材料设备指数,931743.CSI,2.931743,8015.54,8071.31,8343.44,7984.33,8087.59,72.05,0.9,12140381,104782849410,4.48,7.09,57.06559103,157.06559103,https://r.jina.ai/http://push2his.eastmoney.com/api/qt/stock/kline/get?secid=2.931743&ut=fa5fd1943c7b386f172d6893dbfba10b&fields1=f1%2Cf2%2Cf3%2Cf4%2Cf5%2Cf6&fields2=f51%2Cf52%2Cf53%2Cf54%2Cf55%2Cf56%2Cf57%2Cf58%2Cf59%2Cf60%2Cf61&klt=101&fqt=0&beg=20251201&end=20260717&lmt=1000&_=20260718140000
2026-05-19,半导体材料设备指数,931743.CSI,2.931743,8087.59,8001.73,8508.24,7880.41,8505.78,418.19,5.17,13081461,107211539579,7.76,7.64,65.18707833,165.18707833,https://r.jina.ai/http://push2his.eastmoney.com/api/qt/stock/kline/get?secid=2.931743&ut=fa5fd1943c7b386f172d6893dbfba10b&fields1=f1%2Cf2%2Cf3%2Cf4%2Cf5%2Cf6&fields2=f51%2Cf52%2Cf53%2Cf54%2Cf55%2Cf56%2Cf57%2Cf58%2Cf59%2Cf60%2Cf61&klt=101&fqt=0&beg=20251201&end=20260717&lmt=1000&_=20260718140000
2026-05-20,半导体材料设备指数,931743.CSI,2.931743,8505.78,8514.7,9038.82,8509.29,8993.45,487.67,5.73,14432512,123446479319,6.23,8.43,74.6579067,174.6579067,https://r.jina.ai/http://push2his.eastmoney.com/api/qt/stock/kline/get?secid=2.931743&ut=fa5fd1943c7b386f172d6893dbfba10b&fields1=f1%2Cf2%2Cf3%2Cf4%2Cf5%2Cf6&fields2=f51%2Cf52%2Cf53%2Cf54%2Cf55%2Cf56%2Cf57%2Cf58%2Cf59%2Cf60%2Cf61&klt=101&fqt=0&beg=20251201&end=20260717&lmt=1000&_=20260718140000
2026-05-21,半导体材料设备指数,931743.CSI,2.931743,8993.45,9062.44,9409.67,8506.84,8525.11,-468.34,-5.21,15406617,147353696331,10.04,9,65.56247791,165.56247791,https://r.jina.ai/http://push2his.eastmoney.com/api/qt/stock/kline/get?secid=2.931743&ut=fa5fd1943c7b386f172d6893dbfba10b&fields1=f1%2Cf2%2Cf3%2Cf4%2Cf5%2Cf6&fields2=f51%2Cf52%2Cf53%2Cf54%2Cf55%2Cf56%2Cf57%2Cf58%2Cf59%2Cf60%2Cf61&klt=101&fqt=0&beg=20251201&end=20260717&lmt=1000&_=20260718140000
2026-05-22,半导体材料设备指数,931743.CSI,2.931743,8525.11,8589.94,8663.37,8282.32,8611.27,86.16,1.01,11387300,108034272430,4.47,6.65,67.23575404,167.23575404,https://r.jina.ai/http://push2his.eastmoney.com/api/qt/stock/kline/get?secid=2.931743&ut=fa5fd1943c7b386f172d6893dbfba10b&fields1=f1%2Cf2%2Cf3%2Cf4%2Cf5%2Cf6&fields2=f51%2Cf52%2Cf53%2Cf54%2Cf55%2Cf56%2Cf57%2Cf58%2Cf59%2Cf60%2Cf61&klt=101&fqt=0&beg=20251201&end=20260717&lmt=1000&_=20260718140000
2026-05-25,半导体材料设备指数,931743.CSI,2.931743,8611.27,8511.72,9241.03,8283.61,9089.06,477.79,5.55,13003757,128550201875,11.12,7.59,76.5147072,176.5147072,https://r.jina.ai/http://push2his.eastmoney.com/api/qt/stock/kline/get?secid=2.931743&ut=fa5fd1943c7b386f172d6893dbfba10b&fields1=f1%2Cf2%2Cf3%2Cf4%2Cf5%2Cf6&fields2=f51%2Cf52%2Cf53%2Cf54%2Cf55%2Cf56%2Cf57%2Cf58%2Cf59%2Cf60%2Cf61&klt=101&fqt=0&beg=20251201&end=20260717&lmt=1000&_=20260718140000
2026-05-26,半导体材料设备指数,931743.CSI,2.931743,9089.06,8998.73,8998.73,8567.49,8818.18,-270.88,-2.98,10753260,105778183968,4.74,6.28,71.25406375,171.25406375,https://r.jina.ai/http://push2his.eastmoney.com/api/qt/stock/kline/get?secid=2.931743&ut=fa5fd1943c7b386f172d6893dbfba10b&fields1=f1%2Cf2%2Cf3%2Cf4%2Cf5%2Cf6&fields2=f51%2Cf52%2Cf53%2Cf54%2Cf55%2Cf56%2Cf57%2Cf58%2Cf59%2Cf60%2Cf61&klt=101&fqt=0&beg=20251201&end=20260717&lmt=1000&_=20260718140000
2026-05-27,半导体材料设备指数,931743.CSI,2.931743,8818.18,8836.43,8990.42,8469.45,8501.62,-316.56,-3.59,11199660,106684935441,5.91,6.54,65.10628877,165.10628877,https://r.jina.ai/http://push2his.eastmoney.com/api/qt/stock/kline/get?secid=2.931743&ut=fa5fd1943c7b386f172d6893dbfba10b&fields1=f1%2Cf2%2Cf3%2Cf4%2Cf5%2Cf6&fields2=f51%2Cf52%2Cf53%2Cf54%2Cf55%2Cf56%2Cf57%2Cf58%2Cf59%2Cf60%2Cf61&klt=101&fqt=0&beg=20251201&end=20260717&lmt=1000&_=20260718140000
2026-05-28,半导体材料设备指数,931743.CSI,2.931743,8501.62,8445.87,8660.46,8339.61,8621.91,120.29,1.41,12112094,99151410004,3.77,7.07,67.44238889,167.44238889,https://r.jina.ai/http://push2his.eastmoney.com/api/qt/stock/kline/get?secid=2.931743&ut=fa5fd1943c7b386f172d6893dbfba10b&fields1=f1%2Cf2%2Cf3%2Cf4%2Cf5%2Cf6&fields2=f51%2Cf52%2Cf53%2Cf54%2Cf55%2Cf56%2Cf57%2Cf58%2Cf59%2Cf60%2Cf61&klt=101&fqt=0&beg=20251201&end=20260717&lmt=1000&_=20260718140000
2026-05-29,半导体材料设备指数,931743.CSI,2.931743,8621.91,8654.55,8662.28,8007.55,8132.09,-489.82,-5.68,12303862,99965497702,7.59,7.19,57.9298063,157.9298063,https://r.jina.ai/http://push2his.eastmoney.com/api/qt/stock/kline/get?secid=2.931743&ut=fa5fd1943c7b386f172d6893dbfba10b&fields1=f1%2Cf2%2Cf3%2Cf4%2Cf5%2Cf6&fields2=f51%2Cf52%2Cf53%2Cf54%2Cf55%2Cf56%2Cf57%2Cf58%2Cf59%2Cf60%2Cf61&klt=101&fqt=0&beg=20251201&end=20260717&lmt=1000&_=20260718140000
2026-06-01,半导体材料设备指数,931743.CSI,2.931743,8132.09,8075.8,8127.93,7683.79,7700.49,-431.6,-5.31,8803480,80147958014,5.46,5.14,49.54788918,149.54788918,https://r.jina.ai/http://push2his.eastmoney.com/api/qt/stock/kline/get?secid=2.931743&ut=fa5fd1943c7b386f172d6893dbfba10b&fields1=f1%2Cf2%2Cf3%2Cf4%2Cf5%2Cf6&fields2=f51%2Cf52%2Cf53%2Cf54%2Cf55%2Cf56%2Cf57%2Cf58%2Cf59%2Cf60%2Cf61&klt=101&fqt=0&beg=20251201&end=20260717&lmt=1000&_=20260718140000
2026-06-02,半导体材料设备指数,931743.CSI,2.931743,7700.49,7755.12,7970.12,7621.44,7839.98,139.49,1.81,8224161,74863254323,4.53,4.8,52.2568642,152.2568642,https://r.jina.ai/http://push2his.eastmoney.com/api/qt/stock/kline/get?secid=2.931743&ut=fa5fd1943c7b386f172d6893dbfba10b&fields1=f1%2Cf2%2Cf3%2Cf4%2Cf5%2Cf6&fields2=f51%2Cf52%2Cf53%2Cf54%2Cf55%2Cf56%2Cf57%2Cf58%2Cf59%2Cf60%2Cf61&klt=101&fqt=0&beg=20251201&end=20260717&lmt=1000&_=20260718140000
2026-06-03,半导体材料设备指数,931743.CSI,2.931743,7839.98,7862.77,8283.87,7862.77,8043.02,203.04,2.59,9955530,92479700082,5.37,5.81,56.20001631,156.20001631,https://r.jina.ai/http://push2his.eastmoney.com/api/qt/stock/kline/get?secid=2.931743&ut=fa5fd1943c7b386f172d6893dbfba10b&fields1=f1%2Cf2%2Cf3%2Cf4%2Cf5%2Cf6&fields2=f51%2Cf52%2Cf53%2Cf54%2Cf55%2Cf56%2Cf57%2Cf58%2Cf59%2Cf60%2Cf61&klt=101&fqt=0&beg=20251201&end=20260717&lmt=1000&_=20260718140000
2026-06-04,半导体材料设备指数,931743.CSI,2.931743,8043.02,7938.69,8406.94,7934.28,8352.38,309.36,3.85,11150295,88062868808,5.88,6.51,62.20796321,162.20796321,https://r.jina.ai/http://push2his.eastmoney.com/api/qt/stock/kline/get?secid=2.931743&ut=fa5fd1943c7b386f172d6893dbfba10b&fields1=f1%2Cf2%2Cf3%2Cf4%2Cf5%2Cf6&fields2=f51%2Cf52%2Cf53%2Cf54%2Cf55%2Cf56%2Cf57%2Cf58%2Cf59%2Cf60%2Cf61&klt=101&fqt=0&beg=20251201&end=20260717&lmt=1000&_=20260718140000
2026-06-05,半导体材料设备指数,931743.CSI,2.931743,8352.38,8196.9,8390.54,8046.53,8094.13,-258.25,-3.09,11184310,86880426607,4.12,6.53,57.19260154,157.19260154,https://r.jina.ai/http://push2his.eastmoney.com/api/qt/stock/kline/get?secid=2.931743&ut=fa5fd1943c7b386f172d6893dbfba10b&fields1=f1%2Cf2%2Cf3%2Cf4%2Cf5%2Cf6&fields2=f51%2Cf52%2Cf53%2Cf54%2Cf55%2Cf56%2Cf57%2Cf58%2Cf59%2Cf60%2Cf61&klt=101&fqt=0&beg=20251201&end=20260717&lmt=1000&_=20260718140000
2026-06-08,半导体材料设备指数,931743.CSI,2.931743,8094.13,7678.11,8053.57,7678.11,7842.75,-251.38,-3.11,10301753,78768035883,4.64,6.02,52.31065917,152.31065917,https://r.jina.ai/http://push2his.eastmoney.com/api/qt/stock/kline/get?secid=2.931743&ut=fa5fd1943c7b386f172d6893dbfba10b&fields1=f1%2Cf2%2Cf3%2Cf4%2Cf5%2Cf6&fields2=f51%2Cf52%2Cf53%2Cf54%2Cf55%2Cf56%2Cf57%2Cf58%2Cf59%2Cf60%2Cf61&klt=101&fqt=0&beg=20251201&end=20260717&lmt=1000&_=20260718140000
2026-06-09,半导体材料设备指数,931743.CSI,2.931743,7842.75,8032.1,8470.17,7994.45,8462.75,620,7.91,12446013,89489927280,6.07,7.27,64.35141129,164.35141129,https://r.jina.ai/http://push2his.eastmoney.com/api/qt/stock/kline/get?secid=2.931743&ut=fa5fd1943c7b386f172d6893dbfba10b&fields1=f1%2Cf2%2Cf3%2Cf4%2Cf5%2Cf6&fields2=f51%2Cf52%2Cf53%2Cf54%2Cf55%2Cf56%2Cf57%2Cf58%2Cf59%2Cf60%2Cf61&klt=101&fqt=0&beg=20251201&end=20260717&lmt=1000&_=20260718140000
2026-06-10,半导体材料设备指数,931743.CSI,2.931743,8462.75,8412.83,8822.38,8409.34,8670,207.25,2.45,14246630,111085070190,4.88,8.32,68.376324,168.376324,https://r.jina.ai/http://push2his.eastmoney.com/api/qt/stock/kline/get?secid=2.931743&ut=fa5fd1943c7b386f172d6893dbfba10b&fields1=f1%2Cf2%2Cf3%2Cf4%2Cf5%2Cf6&fields2=f51%2Cf52%2Cf53%2Cf54%2Cf55%2Cf56%2Cf57%2Cf58%2Cf59%2Cf60%2Cf61&klt=101&fqt=0&beg=20251201&end=20260717&lmt=1000&_=20260718140000
2026-06-11,半导体材料设备指数,931743.CSI,2.931743,8670,8735.12,9124.43,8735.12,9122.76,452.76,5.22,15604121,124006665509,4.49,9.11,77.16918034,177.16918034,https://r.jina.ai/http://push2his.eastmoney.com/api/qt/stock/kline/get?secid=2.931743&ut=fa5fd1943c7b386f172d6893dbfba10b&fields1=f1%2Cf2%2Cf3%2Cf4%2Cf5%2Cf6&fields2=f51%2Cf52%2Cf53%2Cf54%2Cf55%2Cf56%2Cf57%2Cf58%2Cf59%2Cf60%2Cf61&klt=101&fqt=0&beg=20251201&end=20260717&lmt=1000&_=20260718140000
2026-06-12,半导体材料设备指数,931743.CSI,2.931743,9122.76,9563.17,9654.53,8861.94,8895.08,-227.68,-2.5,19613249,169819544833,8.69,11.45,72.74750543,172.74750543,https://r.jina.ai/http://push2his.eastmoney.com/api/qt/stock/kline/get?secid=2.931743&ut=fa5fd1943c7b386f172d6893dbfba10b&fields1=f1%2Cf2%2Cf3%2Cf4%2Cf5%2Cf6&fields2=f51%2Cf52%2Cf53%2Cf54%2Cf55%2Cf56%2Cf57%2Cf58%2Cf59%2Cf60%2Cf61&klt=101&fqt=0&beg=20251201&end=20260717&lmt=1000&_=20260718140000
2026-06-15,半导体材料设备指数,931743.CSI,2.931743,8895.08,9009.58,9304.2,8675.6,9302.51,407.43,4.58,14160964,119786798582,7.07,8.27,80.66002742,180.66002742,https://r.jina.ai/http://push2his.eastmoney.com/api/qt/stock/kline/get?secid=2.931743&ut=fa5fd1943c7b386f172d6893dbfba10b&fields1=f1%2Cf2%2Cf3%2Cf4%2Cf5%2Cf6&fields2=f51%2Cf52%2Cf53%2Cf54%2Cf55%2Cf56%2Cf57%2Cf58%2Cf59%2Cf60%2Cf61&klt=101&fqt=0&beg=20251201&end=20260717&lmt=1000&_=20260718140000
2026-06-16,半导体材料设备指数,931743.CSI,2.931743,9302.51,9326.5,9456.24,9225.79,9353.58,51.07,0.55,13202331,115677188486,2.48,7.71,81.65183583,181.65183583,https://r.jina.ai/http://push2his.eastmoney.com/api/qt/stock/kline/get?secid=2.931743&ut=fa5fd1943c7b386f172d6893dbfba10b&fields1=f1%2Cf2%2Cf3%2Cf4%2Cf5%2Cf6&fields2=f51%2Cf52%2Cf53%2Cf54%2Cf55%2Cf56%2Cf57%2Cf58%2Cf59%2Cf60%2Cf61&klt=101&fqt=0&beg=20251201&end=20260717&lmt=1000&_=20260718140000
2026-06-17,半导体材料设备指数,931743.CSI,2.931743,9353.58,9164.01,10055.69,9164.01,10049.12,695.54,7.44,15003965,137557235040,9.53,8.76,95.15961765,195.15961765,https://r.jina.ai/http://push2his.eastmoney.com/api/qt/stock/kline/get?secid=2.931743&ut=fa5fd1943c7b386f172d6893dbfba10b&fields1=f1%2Cf2%2Cf3%2Cf4%2Cf5%2Cf6&fields2=f51%2Cf52%2Cf53%2Cf54%2Cf55%2Cf56%2Cf57%2Cf58%2Cf59%2Cf60%2Cf61&klt=101&fqt=0&beg=20251201&end=20260717&lmt=1000&_=20260718140000
2026-06-18,半导体材料设备指数,931743.CSI,2.931743,10049.12,9998.94,10303.25,9978.14,10211.04,161.92,1.61,13064430,122503304096,3.24,7.63,98.30419601,198.30419601,https://r.jina.ai/http://push2his.eastmoney.com/api/qt/stock/kline/get?secid=2.931743&ut=fa5fd1943c7b386f172d6893dbfba10b&fields1=f1%2Cf2%2Cf3%2Cf4%2Cf5%2Cf6&fields2=f51%2Cf52%2Cf53%2Cf54%2Cf55%2Cf56%2Cf57%2Cf58%2Cf59%2Cf60%2Cf61&klt=101&fqt=0&beg=20251201&end=20260717&lmt=1000&_=20260718140000
2026-06-22,半导体材料设备指数,931743.CSI,2.931743,10211.04,10399.47,10637.76,10155.59,10529.34,318.3,3.12,14009200,134694808416,4.72,8.18,104.48576278,204.48576278,https://r.jina.ai/http://push2his.eastmoney.com/api/qt/stock/kline/get?secid=2.931743&ut=fa5fd1943c7b386f172d6893dbfba10b&fields1=f1%2Cf2%2Cf3%2Cf4%2Cf5%2Cf6&fields2=f51%2Cf52%2Cf53%2Cf54%2Cf55%2Cf56%2Cf57%2Cf58%2Cf59%2Cf60%2Cf61&klt=101&fqt=0&beg=20251201&end=20260717&lmt=1000&_=20260718140000
2026-06-23,半导体材料设备指数,931743.CSI,2.931743,10529.34,10474.27,10822.3,10237.83,10525.81,-3.53,-0.03,13097905,127757491872,5.55,7.65,104.41720818,204.41720818,https://r.jina.ai/http://push2his.eastmoney.com/api/qt/stock/kline/get?secid=2.931743&ut=fa5fd1943c7b386f172d6893dbfba10b&fields1=f1%2Cf2%2Cf3%2Cf4%2Cf5%2Cf6&fields2=f51%2Cf52%2Cf53%2Cf54%2Cf55%2Cf56%2Cf57%2Cf58%2Cf59%2Cf60%2Cf61&klt=101&fqt=0&beg=20251201&end=20260717&lmt=1000&_=20260718140000
2026-06-24,半导体材料设备指数,931743.CSI,2.931743,10525.81,10316.76,11202.68,10316.59,11091.33,565.52,5.37,13265511,134017528739,8.42,7.75,115.39992776,215.39992776,https://r.jina.ai/http://push2his.eastmoney.com/api/qt/stock/kline/get?secid=2.931743&ut=fa5fd1943c7b386f172d6893dbfba10b&fields1=f1%2Cf2%2Cf3%2Cf4%2Cf5%2Cf6&fields2=f51%2Cf52%2Cf53%2Cf54%2Cf55%2Cf56%2Cf57%2Cf58%2Cf59%2Cf60%2Cf61&klt=101&fqt=0&beg=20251201&end=20260717&lmt=1000&_=20260718140000
2026-06-25,半导体材料设备指数,931743.CSI,2.931743,11091.33,11239.95,11562.86,11130.59,11424.29,332.96,3,14290666,142870979814,3.9,8.35,121.86620006,221.86620006,https://r.jina.ai/http://push2his.eastmoney.com/api/qt/stock/kline/get?secid=2.931743&ut=fa5fd1943c7b386f172d6893dbfba10b&fields1=f1%2Cf2%2Cf3%2Cf4%2Cf5%2Cf6&fields2=f51%2Cf52%2Cf53%2Cf54%2Cf55%2Cf56%2Cf57%2Cf58%2Cf59%2Cf60%2Cf61&klt=101&fqt=0&beg=20251201&end=20260717&lmt=1000&_=20260718140000
2026-06-26,半导体材料设备指数,931743.CSI,2.931743,11424.29,11353.22,12025.93,11335.89,11840.84,416.55,3.65,16764746,168009810542,6.04,9.79,129.95583763,229.95583763,https://r.jina.ai/http://push2his.eastmoney.com/api/qt/stock/kline/get?secid=2.931743&ut=fa5fd1943c7b386f172d6893dbfba10b&fields1=f1%2Cf2%2Cf3%2Cf4%2Cf5%2Cf6&fields2=f51%2Cf52%2Cf53%2Cf54%2Cf55%2Cf56%2Cf57%2Cf58%2Cf59%2Cf60%2Cf61&klt=101&fqt=0&beg=20251201&end=20260717&lmt=1000&_=20260718140000
2026-06-29,半导体材料设备指数,931743.CSI,2.931743,11840.84,11994.38,12853.9,11842.88,12806.88,966.04,8.16,19716521,200379830001,8.54,11.51,148.71688308,248.71688308,https://r.jina.ai/http://push2his.eastmoney.com/api/qt/stock/kline/get?secid=2.931743&ut=fa5fd1943c7b386f172d6893dbfba10b&fields1=f1%2Cf2%2Cf3%2Cf4%2Cf5%2Cf6&fields2=f51%2Cf52%2Cf53%2Cf54%2Cf55%2Cf56%2Cf57%2Cf58%2Cf59%2Cf60%2Cf61&klt=101&fqt=0&beg=20251201&end=20260717&lmt=1000&_=20260718140000
2026-06-30,半导体材料设备指数,931743.CSI,2.931743,12806.88,12833.68,13208.7,12599.08,13151.79,344.91,2.69,16440303,177780721059,4.76,9.6,155.41523116,255.41523116,https://r.jina.ai/http://push2his.eastmoney.com/api/qt/stock/kline/get?secid=2.931743&ut=fa5fd1943c7b386f172d6893dbfba10b&fields1=f1%2Cf2%2Cf3%2Cf4%2Cf5%2Cf6&fields2=f51%2Cf52%2Cf53%2Cf54%2Cf55%2Cf56%2Cf57%2Cf58%2Cf59%2Cf60%2Cf61&klt=101&fqt=0&beg=20251201&end=20260717&lmt=1000&_=20260718140000
2026-07-01,半导体材料设备指数,931743.CSI,2.931743,13151.79,13105.23,14013.42,12988.37,13246.87,95.08,0.72,17309724,198207435606,7.79,10.11,157.26173876,257.26173876,https://r.jina.ai/http://push2his.eastmoney.com/api/qt/stock/kline/get?secid=2.931743&ut=fa5fd1943c7b386f172d6893dbfba10b&fields1=f1%2Cf2%2Cf3%2Cf4%2Cf5%2Cf6&fields2=f51%2Cf52%2Cf53%2Cf54%2Cf55%2Cf56%2Cf57%2Cf58%2Cf59%2Cf60%2Cf61&klt=101&fqt=0&beg=20251201&end=20260717&lmt=1000&_=20260718140000
2026-07-02,半导体材料设备指数,931743.CSI,2.931743,13246.87,12477.35,12803.11,11958.5,12020.52,-1226.35,-9.26,16884350,187615807129,6.38,9.86,133.44532528,233.44532528,https://r.jina.ai/http://push2his.eastmoney.com/api/qt/stock/kline/get?secid=2.931743&ut=fa5fd1943c7b386f172d6893dbfba10b&fields1=f1%2Cf2%2Cf3%2Cf4%2Cf5%2Cf6&fields2=f51%2Cf52%2Cf53%2Cf54%2Cf55%2Cf56%2Cf57%2Cf58%2Cf59%2Cf60%2Cf61&klt=101&fqt=0&beg=20251201&end=20260717&lmt=1000&_=20260718140000
2026-07-03,半导体材料设备指数,931743.CSI,2.931743,12020.52,11758.86,12047.7,11336.63,11648.26,-372.26,-3.1,15675335,161909982326,5.92,9.15,126.21582466,226.21582466,https://r.jina.ai/http://push2his.eastmoney.com/api/qt/stock/kline/get?secid=2.931743&ut=fa5fd1943c7b386f172d6893dbfba10b&fields1=f1%2Cf2%2Cf3%2Cf4%2Cf5%2Cf6&fields2=f51%2Cf52%2Cf53%2Cf54%2Cf55%2Cf56%2Cf57%2Cf58%2Cf59%2Cf60%2Cf61&klt=101&fqt=0&beg=20251201&end=20260717&lmt=1000&_=20260718140000
2026-07-06,半导体材料设备指数,931743.CSI,2.931743,11648.26,11835.05,11873.49,11109.17,11537.29,-110.97,-0.95,12630456,133332004348,6.56,7.38,124.06072423,224.06072423,https://r.jina.ai/http://push2his.eastmoney.com/api/qt/stock/kline/get?secid=2.931743&ut=fa5fd1943c7b386f172d6893dbfba10b&fields1=f1%2Cf2%2Cf3%2Cf4%2Cf5%2Cf6&fields2=f51%2Cf52%2Cf53%2Cf54%2Cf55%2Cf56%2Cf57%2Cf58%2Cf59%2Cf60%2Cf61&klt=101&fqt=0&beg=20251201&end=20260717&lmt=1000&_=20260718140000
2026-07-07,半导体材料设备指数,931743.CSI,2.931743,11537.29,11355.91,11937.46,11265.68,11731.74,194.45,1.69,11114705,116491074987,5.82,6.49,127.83705367,227.83705367,https://r.jina.ai/http://push2his.eastmoney.com/api/qt/stock/kline/get?secid=2.931743&ut=fa5fd1943c7b386f172d6893dbfba10b&fields1=f1%2Cf2%2Cf3%2Cf4%2Cf5%2Cf6&fields2=f51%2Cf52%2Cf53%2Cf54%2Cf55%2Cf56%2Cf57%2Cf58%2Cf59%2Cf60%2Cf61&klt=101&fqt=0&beg=20251201&end=20260717&lmt=1000&_=20260718140000
2026-07-08,半导体材料设备指数,931743.CSI,2.931743,11731.74,11768.79,12305.74,11250.89,11909.01,177.27,1.51,12712473,137790449313,8.99,7.42,131.27973774,231.27973774,https://r.jina.ai/http://push2his.eastmoney.com/api/qt/stock/kline/get?secid=2.931743&ut=fa5fd1943c7b386f172d6893dbfba10b&fields1=f1%2Cf2%2Cf3%2Cf4%2Cf5%2Cf6&fields2=f51%2Cf52%2Cf53%2Cf54%2Cf55%2Cf56%2Cf57%2Cf58%2Cf59%2Cf60%2Cf61&klt=101&fqt=0&beg=20251201&end=20260717&lmt=1000&_=20260718140000
2026-07-09,半导体材料设备指数,931743.CSI,2.931743,11909.01,12163.61,13094.07,11971.41,13077.05,1168.04,9.81,13444255,157692055743,9.43,7.85,153.96373792,253.96373792,https://r.jina.ai/http://push2his.eastmoney.com/api/qt/stock/kline/get?secid=2.931743&ut=fa5fd1943c7b386f172d6893dbfba10b&fields1=f1%2Cf2%2Cf3%2Cf4%2Cf5%2Cf6&fields2=f51%2Cf52%2Cf53%2Cf54%2Cf55%2Cf56%2Cf57%2Cf58%2Cf59%2Cf60%2Cf61&klt=101&fqt=0&beg=20251201&end=20260717&lmt=1000&_=20260718140000
2026-07-10,半导体材料设备指数,931743.CSI,2.931743,13077.05,13116.16,13510.25,12176.2,12183.06,-893.99,-6.84,15703803,185195983110,10.2,9.17,136.60194439,236.60194439,https://r.jina.ai/http://push2his.eastmoney.com/api/qt/stock/kline/get?secid=2.931743&ut=fa5fd1943c7b386f172d6893dbfba10b&fields1=f1%2Cf2%2Cf3%2Cf4%2Cf5%2Cf6&fields2=f51%2Cf52%2Cf53%2Cf54%2Cf55%2Cf56%2Cf57%2Cf58%2Cf59%2Cf60%2Cf61&klt=101&fqt=0&beg=20251201&end=20260717&lmt=1000&_=20260718140000
2026-07-13,半导体材料设备指数,931743.CSI,2.931743,12183.06,12012.81,12475.17,11500.98,11597.71,-585.35,-4.8,12167444,160003635939,8,7.11,125.23411495,225.23411495,https://r.jina.ai/http://push2his.eastmoney.com/api/qt/stock/kline/get?secid=2.931743&ut=fa5fd1943c7b386f172d6893dbfba10b&fields1=f1%2Cf2%2Cf3%2Cf4%2Cf5%2Cf6&fields2=f51%2Cf52%2Cf53%2Cf54%2Cf55%2Cf56%2Cf57%2Cf58%2Cf59%2Cf60%2Cf61&klt=101&fqt=0&beg=20251201&end=20260717&lmt=1000&_=20260718140000
2026-07-14,半导体材料设备指数,931743.CSI,2.931743,11597.71,11513.66,11858.13,10910.61,11565.79,-31.92,-0.28,11575470,147787560498,8.17,6.76,124.61421042,224.61421042,https://r.jina.ai/http://push2his.eastmoney.com/api/qt/stock/kline/get?secid=2.931743&ut=fa5fd1943c7b386f172d6893dbfba10b&fields1=f1%2Cf2%2Cf3%2Cf4%2Cf5%2Cf6&fields2=f51%2Cf52%2Cf53%2Cf54%2Cf55%2Cf56%2Cf57%2Cf58%2Cf59%2Cf60%2Cf61&klt=101&fqt=0&beg=20251201&end=20260717&lmt=1000&_=20260718140000
2026-07-15,半导体材料设备指数,931743.CSI,2.931743,11565.79,11783.79,11789.12,10757.63,10838.14,-727.65,-6.29,10083531,121899797395,8.92,5.89,110.48283416,210.48283416,https://r.jina.ai/http://push2his.eastmoney.com/api/qt/stock/kline/get?secid=2.931743&ut=fa5fd1943c7b386f172d6893dbfba10b&fields1=f1%2Cf2%2Cf3%2Cf4%2Cf5%2Cf6&fields2=f51%2Cf52%2Cf53%2Cf54%2Cf55%2Cf56%2Cf57%2Cf58%2Cf59%2Cf60%2Cf61&klt=101&fqt=0&beg=20251201&end=20260717&lmt=1000&_=20260718140000
2026-07-16,半导体材料设备指数,931743.CSI,2.931743,10838.14,10547.32,10809.29,9958.13,10047.51,-790.63,-7.29,9926439,112180981840,7.85,5.8,95.12835053,195.12835053,https://r.jina.ai/http://push2his.eastmoney.com/api/qt/stock/kline/get?secid=2.931743&ut=fa5fd1943c7b386f172d6893dbfba10b&fields1=f1%2Cf2%2Cf3%2Cf4%2Cf5%2Cf6&fields2=f51%2Cf52%2Cf53%2Cf54%2Cf55%2Cf56%2Cf57%2Cf58%2Cf59%2Cf60%2Cf61&klt=101&fqt=0&beg=20251201&end=20260717&lmt=1000&_=20260718140000
2026-07-17,半导体材料设备指数,931743.CSI,2.931743,10047.51,10042.29,10110.11,9355.03,9431.26,-616.25,-6.13,11084535,119034116528,7.52,6.47,83.16042554,183.16042554,https://r.jina.ai/http://push2his.eastmoney.com/api/qt/stock/kline/get?secid=2.931743&ut=fa5fd1943c7b386f172d6893dbfba10b&fields1=f1%2Cf2%2Cf3%2Cf4%2Cf5%2Cf6&fields2=f51%2Cf52%2Cf53%2Cf54%2Cf55%2Cf56%2Cf57%2Cf58%2Cf59%2Cf60%2Cf61&klt=101&fqt=0&beg=20251201&end=20260717&lmt=1000&_=20260718140000
